index,메뉴,분류,재료1,재료2
0,대패삼겹숙주볶음,볶음류,육류,채소류
1,봄동나물,무침류,채소류,
2,콩나물간장조림,조림류,채소류,
3,닭찜,찜류,육류,
4,아삭고추무침,무침류,채소류,
5,스프,스프류,곡류,
6,쌀밥,밥류,곡류,
7,수제돈가스,튀김류,육류,
16,수제어묵볶음,볶음류,어패류,
17,차돌박이된장찌개,찌개류,육류,
18,문어꽈리고추조림,조림류,어패류,
19,파프리카해초무침,무침류,채소류,해조류
20,바나나,과일류,과일류,
24,참치야채비빔밥,밥류,어패류,채소류
25,브로컬리두부무침,무침류,채소류,
26,갈치감자조림,조림류,어패류,곡류
27,양상추샐러드,샐러드류,채소류,
1116,오미지D,소스류,양념 및 장류,
1117,김치국수,면류,곡류,김치류
1118,생크림와플,빵과자류,곡류,양념 및 장류
1119,김계란말이,구이류,난류,해조류
1120,푸실리샐러드,샐러드류,채소류,채소류
1121,커피,음료류,두류,
1122,버섯육개장,국탕류,육류,채소류
1123,김주먹밥,밥류,곡류,해조류
1124,페스츄리,빵과자류,곡류,
1125,크래미해초무침,무침류,어패류,해조류
1126,오징어&브로컬리숙회,회류,어패류,채소류
1127,새우까스,튀김류,어패류,
1163,소스,소스류,양념 및 장류,
1172,버섯국,국탕류,채소류,
1173,매운콩나물무침,무침류,채소류,
1174,사과오이냉국,국탕류,채소류,과일류
1175,냉이바지락국,국탕류,어패류,채소류
1176,나쵸칩,빵과자류,곡류,
1177,깐풍연근,튀김류,채소류,
1178,국물떡볶이,떡류,곡류,
1179,오리훈제볶음밥,비빔밥볶음밥류,육류,곡류
1180,닭죽,죽류,곡류,
1181,새송이버섯볶음,볶음류,채소류,
1182,고추간장지,무침류,양념 및 장류,
1183,훈제오리떡볶음,볶음류,육류,곡류
1184,열무김치국수,면류,곡류,
1185,호박잎찌개,찌개류,채소류,
1186,시금치프리타타,구이류,채소류,
1187,두부스테이크,조림류,두류,
1188,포도,과일류,과일류,
1189,볼어묵곤약볶음,볶음류,어패류,
1190,비엔나피망볶음,볶음류,육류,채소류
1191,참치주먹밥,밥류,어패류,곡류
1192,모듬소세지버섯구이,구이류,육류,채소류
1193,야채볶음밥,비빔밥볶음밥류,채소류,곡류
1194,야채볶음밥,비빔밥볶음밥류,채소류,
1197,짜장소스,소스류,양념 및 장류,
1213,콩나물무침,무침류,채소류,
1214,도토리묵,묵류,채소류,
1223,장,소스류,양념 및 장류,
1239,연두부찌개,찌개류,두류,
1240,콘스프,스프류,곡류,
1241,물냉면,면류,곡류,
1242,돈육볶음,볶음류,육류,
1243,순대국밥,덮밥국밥류,육류,
1244,버블샐러드,샐러드류,채소류,
1245,D오리엔탈D,소스류,양념 및 장류,
1246,봄동숙,나물류,채소류,
1247,간장양념,소스류,양념 및 장류,
1251,키위드레싱샐러드,샐러드류,채소류,
1252,쌈장,소스류,양념 및 장류,
1258,쌈장,소스류,채소류,
1284,쌈장,무침류,양념 및 장류,
1290,쌈장,무침류,채소류,
1316,오이맛살초무침,무침류,채소류,어패류
1317,모듬장조림,조림류,육류,채소류
1318,해물동그랑땡,전류,어패류,
1319,삼겹살수육,찜류,육류,
1323,풋고추,채소류,채소류,
1332,레몬유린기,튀김류,육류,
1333,(New)칠리가지탕수,튀김류,채소류,
1334,참나물무침,무침류,채소류,
1335,유부채소겨자냉채,무침류,채소류,
1336,등심찹쌀꿔바로우,튀김류,육류,
1337,옹심이국,국탕류,곡류,
1338,생선까스,튀김류,어패류,
1362,생선까스,구이류,어패류,
1402,칠리소스,소스류,양념 및 장류,
1483,망고드레싱,소스류,양념 및 장류,
1484,망고드레싱,소스류,과일류,
1487,조랭이떡국,국탕류,곡류,
1488,감자조림,조림류,곡류,
1489,카레감자채볶음,볶음류,곡류,
1490,주꾸미브로콜리숙회,회류,어패류,채소류
1491,야채쫄면,면류,곡류,채소류
1492,사과오이생채,샐러드류,과일류,채소류
1493,분홍소세지구이,구이류 ,육류,
1494,케찹,소스류,양념 및 장류,
1519,비빔메밀국수,면류 ,곡류,
1520,버섯매운탕,국탕류,채소류,
1521,당면계란만두,만두류,곡류,난류
1522,냉이콩나물국,국탕류,채소류,
1523,양념돼지갈비찜,찜류,육류,
1524,굴비구이,구이류,어패류,
1525,청경채찜,찜류,채소류,
1526,참치야채샐러드,샐러드류,어패류,채소류
1527,수제석박지,김치류,김치류,
1528,홍합죽,죽류,어패류,
1529,돈육두릅장조림,조림류,육류,
1530,콩나물부추무침,무침류,채소류,
1531,스파게티,면류,곡류,
1532,조랭이떡미역국,국탕류,해조류,
1533,매콤사태찜,찜류,육류,
1534,우엉불고기,구이류,육류,
1535,함박스테이크,구이류,육류,
1539,밤죽,죽류,곡류,
1540,삼치엿장구이,구이류,어패류,
1541,오이맛살냉채,무침류,어패류,채소류
1542,사과푸딩샐러드,샐러드류,채소류,
1543,요플레D,소스류,양념 및 장류,
1544,요플레D,소스류,유제품류,
1547,모닝샌드위치,빵과자류,곡류,
1548,맛살계란말이,구이류,어패류,난류
1549,미트볼채소볶음,볶음류,육류,채소류
1550,삼겹살오븐구이,구이류,육류,
1551,브로콜리쌈장무침,무침류,채소류,
1552,대구지리,국탕류,어패류,
1553,오복지,무침류,채소류,
1554,콩비지찌개,찌개류,두류,
1555,비트무생채,무침류,채소류,
1556,브로컬리된장무침,무침류,채소류,
1557,(New)장수제비,국탕류,곡류,
1558,취나물된장무침,무침류,채소류,
1559,콘치즈,샐러드류,곡류,유제품류
1560,부추오이생채,샐러드류,채소류,
1561,구슬떡볶이,떡류,곡류,
1562,햄감자볶음,볶음류,육류,곡류
1563,자몽에이드,음료류,과일류,
1564,애호박전,전류,채소류,
1565,마제소바,면류,곡류,
1566,김치두루치기,구이류,육류,김치류
1567,소보루빵,빵과자류,곡류,
1568,통새우김밥,밥류,어패류,곡류
1569,등뼈김치찜,찜류,육류,김치류
1570,보름나물,무침류,채소류,
1571,(New)연어스테이크,구이류,어패류,
1572,그린요거트샐러드,샐러드류,채소류,
1573,인절미토스트,빵과자류,곡류,
1574,갈릭돈가스,튀김류,육류,
1575,파인애플주스,음료류,과일류,
1576,양념찜닭,찜류,육류,
1577,부추팽이버섯생채무침,무침류,채소류,
1578,프레즐,빵과자류,곡류,
1579,양송이스프,스프류,채소류,곡류
1580,치킨무,무침류,채소류,
1581,돈간장불고기,구이류,육류,
1582,과일탕수육,튀김류,육류,
1583,양송이죽,죽류,채소류,
1584,어묵매운탕,국탕류,어패류,
1585,부추겉절이,김치류,채소류,
1586,삼겹보쌈,구이류,육류,
1587,단호박),찜류,채소류,
1588,강된장,찌개류,양념 및 장류,
1591,강된장,소스류,양념 및 장류,
1597,미역국,국탕류,해조류,
1598,단호박계란찜,찜류,난류,채소류
1599,유채나물겉절이,무침류,채소류,
1600,사과푸딩,디저트,과일류,
1601,두반장감자볶음,볶음류,두류,
1602,김치우동,면류,곡류,
1603,홍어무침,무침류,어패류,
1604,페퍼로니치즈피자,구이류,곡류,육류
1605,치즈함박스테이크,구이류,육류,
1606,콩나물파채불고기,구이류,육류,채소류
1607,동그랑땡부침,전류,곡류,육류
1608,쑥국,국탕류,채소류,
1609,한방설렁탕,국탕류,육류,
1610,황태채국,국탕류,어패류,
1611,수제비국,국탕류,곡류,
1612,매콤미니함박,구이류,육류,
1613,쫄면채소무침,무침류,곡류,
1614,갈릭돈까스,튀김류,육류,
1615,볶음밥,비빔밥볶음밥류,곡류,
1616,볶음밥,비빔밥볶음밥류,채소류,
1618,볶음밥,비빔밥볶음밥류,채소류,곡류
1631,콩나물불고기,구이류,육류,
1632,양파,채소류,채소류,
1636,열무물국수,면류,곡류,김치류
1637,오징어볶음,볶음류,어패류,
1646,소면사리,면류,곡류,
1647,달래무침,무침류,채소류,
1648,해쉬포테이토,튀김류,곡류,
1649,양배추숙쌈,무침류,채소류,
1651,양배추숙쌈,나물류,채소류,
1653,돈나물유자청무침,무침류,채소류,
1654,소세지구이,구이류,육류,
1655,참치김치찌개,찌개류,어패류,김치류
1656,진미채간장조림,조림류,어패류,
1657,아메리카노,음료류,두류,
1658,쫄면무침,무침류,곡류,
1659,김치수제비국,국탕류,곡류,김치류
1660,감자간장조림,조림류,곡류,
1661,갈릭순살치킨,튀김류,육류,
1662,분홍소시지전,전류,육류,
1663,츄러스채소맛탕,조림류,채소류,
1664,비타민샐러드,샐러드류,채소류,
1668,(New)팟시금치무쌉,비빔밥볶음밥류,채소류,
1669,쇠고기버섯국,국탕류,육류,
1670,새싹두부구이,구이류,두류,
1671,요거트D,소스류,유제품류,
1675,요거트D,소수류,유제품류,
1687,수박화채,과일류,과일류,
1688,야채전,전류,채소류,
1689,쭈꾸미숙회무침,무침류,어패류,
1690,미소시루,국탕류,양념 및 장류,
1691,매운닭개장,찌개류,육류,
1692,나가사끼짬뽕국,국탕류,어패류,곡류
1693,나가사끼짬뽕국,국탕류,어패류,
1696,라면,면류,곡류,
1697,아귀콩나물찜,찜류,어패류,채소류
1698,꼬막미나리초무침,무침류,어패류,채소류
1699,쇠고기느타리국,국탕류,육류,채소류
1700,어묵잡채볶음,볶음류,어패류,채소류
1701,야채스틱,채소류,채소류,
1717,간장깻잎지,무침류,채소류,
1718,소고기낙지볶음,볶음류,육류,어패류
1719,명란계란말이,구이류,난류,
1720,동전쥐포무침,무침류,어패류,
1721,야채고로케,튀김류,곡류,채소류
1722,장어구이,구이류,어패류,
1723,단호박어묵탕수,튀김류,어패류,채소류
1724,나물비빔밥,비빔밥볶음밥류,채소류,곡류
1725,느타리버섯볶음,볶음류,채소류,
1726,탈탈소스,소스류,양념 및 장류,
1742,두부까스,튀김류,두류,
1743,브로컬리무침,무침류,채소류,
1744,치즈계란말이,구이류,난류,유제품류
1745,동그랑땡계란부침,부침류,난류,
1746,새우야채죽,죽류,어패류,곡류
1747,스크램블에그,구이류,난류,
1748,콩나물굴소스볶음,볶음류,채소류,
1749,황태콩나물해장국,국탕류,어패류,
1750,두부고기조림,조림류,두류,
1751,감자고추장찌개,찌개류,곡류,양념 및 장류
1752,흑임자곤약샐러드,샐러드류,채소류,
1753,연두부찜,찜류,두류,
1754,수제오징어튀김,튀김류,어패류,
1755,맑은만두육개장,국탕류,육류,
1756,배추김치,김치류,김치류,
1757,옹심이감자국,국탕류,곡류,
1758,바지락냉이국,국탕류,어패류,
1759,맑은계란국,국탕류,난류,
1760,가지나물무침,무침류,채소류,
1761,명엽채무침,무침류,채소류,
1762,바지락수제비,국탕류,어패류,
1763,배추맑은국,국탕류,채소류,
1764,시래기된장국,국탕류,채소류,
1765,생선커틀렛,튀김류,어패류,
1766,사과주스,음료류,과일류,
1767,연두부,찜류,두류,
1816,새싹장,소스류,양념 및 장류,
1817,숙주미나리무침,무침류,채소류,
1818,감자버터구이,구이류,곡류,
1819,유부된장국,국탕류,두류,
1820,호빵,빵과자류,곡류,
1821,야채쫄면무침,무침류,곡류,채소류
1822,양념간장,소스류,양념 및 장류,
1826,칠리탕수육,튀김류,육류,
1827,간장찜닭,조림류,육류,
1828,새송이조림,조림류,채소류,
1829,목살필라프,비빔밥볶음밥류,육류,
1830,사각어묵무침,무침류,어패류,
1831,(New)바지락비빔밥,비빔밥볶음밥류,어패류,
1832,시금치핫케익,빵과자류,채소류,
1833,감자양파국,국탕류,곡류,
1834,에그포테이토샌드위치,빵과자류,난류,곡류
1835,섭산적채소조림,조림류,채소류,
1836,새우날치알볶음밥,비빔밥볶음밥류,어패류,
1837,김가루실파무침,무침류,어패류,
1838,살라미샌드위치,빵과자류,어패류,
1839,(New)인도커리,덮밥국밥류,양념 및 장류,
1840,난,빵과자류,곡류,
1841,다슬기아욱국,국탕류,어패류,
1842,미역죽,죽류,해조류,
1843,소고기버섯볶음,볶음류,육류,
1844,와사비소스,소스류,양념 및 장류,
1848,잡채,면류,곡류,채소류
1849,신김치도토리묵,묵류,채소류,
1850,김밥,밥류,곡류,채소류
1851,눈꽃치즈샐러드,샐러드류,채소류,
1855,오리엔탈D,소스류,양념 및 장류,
1859,참나물,무침류,채소류,
1860,우삼겹부대찌개,찌개류,육류,
1861,로제스파게티,면류,곡류,
1862,고추잡채,면류,채소류,
1864,고추잡채,면류,육류,채소류
1871,땅콩크림빵,빵과자류,곡류,
1872,초장,소스류,양념 및 장류,
1876,콜리샐러드,샐러드류,채소류,
1877,발사믹D,소스류,양념 및 장류,
1886,과일,과일류,과일류,
1890,프로바이오틱,유제품류,유제품류,
1891,모듬튀김,튀김류,채소류,
1895,청경채,채소류,채소류,
1896,단호박카레라이스,덮밥국밥류,채소류,양념 및 장류
1897,멘보샤,튀김류,어패류,곡류
1898,칠리S,소스류,양념 및 장류,
1899,메밀국수,면류,곡류,
1900,햄피망볶음,볶음류,육류,채소류
1901,두부들깨탕,국탕류,두류,
1902,매운쇠고기샤브샤브,국탕류,육류,
1903,설렁탕,국탕류,육류,
1904,돈육칠리강정,튀김류,육류,
1905,우엉곤약조림,조림류,채소류,
1906,김자반볶음,볶음류,곡류,
1907,우거지탕,국탕류,채소류,
1908,얼갈이생채,김치류,채소류,
1909,소떡소떡,디저트,육류,곡류
1910,돈육김치찌개,찌개류,육류,김치류
1911,김실파무침,무침류,해조류,
1912,포도D,소스류,과일류,
1913,게살죽,죽류,어패류,
1914,녹차카스테라,빵과자류,곡류,
1915,시금치초무침,무침류,채소류,
1916,매운어묵무침,무침류,어패류,
1917,피바지락국,국탕류,어패류,
1918,순두부백탕,국탕류,두류,
1927,간장,소스류,양념 및 장류,
1931,건새우아욱된장국,국탕류,어패류,
1932,녹두김치전,전류,김치류,
1933,김칫국,국탕류,김치류,
1934,송편,떡류,곡류,
1935,삶은계란,찜류,난류,
1936,치커리유자무침,무침류,채소류,
1937,떡만두국,국탕류,곡류,
1938,옥수수맛살전,전류,어패류,곡류
1939,사과나무주스,음료류,과일류,
1940,오징어야채무침,무침류,어패류,채소류
1941,베이컨숙주볶음,볶음류,육류,채소류
1942,김치국,국탕류,김치류,
1943,꽈리고추어묵조림,조림류,어패류,
1944,파래김,해조류,어패류,
1945,파래김,해조류,해조류,
1969,달래양념장,소스류,채소류,양념 및 장류
1970,달래양념장,소스류,양념 및 장류,채소류
1971,달래양념장,소스류,양념 및 장류,
1972,달래양념장,조림류,채소류,양념 및 장류
1973,달래양념장,조림류,양념 및 장류,채소류
1974,달래양념장,조림류,양념 및 장류,
1978,등갈비묵은지찜,찜류,육류,
1979,모듬쌈,채소류,채소류,
1983,천도복숭아,과일류,과일류,
1987,대구찌개,찌개류,어패류,
1988,고추장누들떡볶이,떡류,곡류,
1989,부추샐러드,샐러드류,채소류,
1990,오리엔탈,소스류,양념 및 장류,
1994,꽈리고추찜,찜류,채소류,
1995,감자맛살볶음,볶음류,어패류,곡류
1996,낙지볶음밥,비빔밥볶음밥류,어패류,
1997,모둠버섯초무침,무침류,채소류,
1998,유부김칫국,국탕류,김치류,두류
1999,카스테라,빵과자류,곡류,
2000,감자치즈오븐구이,구이류,곡류,
2001,삼치튀김,튀김류,어패류,
2005,데리소스,소스류,양념 및 장류,
2006,시금치고추장나물,무침류,채소류,
2007,부대찌개,찌개류,육류,
2011,쫄면사리,면류,곡류,
2012,땅콩조림,조림류,두류,
2013,옛날왕돈가스,튀김류,육류,
2014,마약토스트,빵과자류,곡류,
2015,요거트드링킹,유제품류,유제품류,
2016,멸치캐슈넛볶음,볶음류,어패류,
2017,"이색전(가지,애호박)",전류,채소류,
2018,양념장,소스류,양념 및 장류,
2067,북엇국,국탕류,어패류,
2068,비엔나감자볶음,볶음류,육류,
2069,돈육간장강정,튀김류,육류,
2070,사과롤케익,빵과자류,과일류,
2071,콥샐러드,샐러드류,채소류,
2072,과일주스,음료류,과일류,
2073,잡곡밥,밥류,곡류,
2074,나쵸,빵과자류,곡류,
2075,팽이된장국,국탕류,채소류,
2076,해물까스,튀김류,어패류,
2125,자몽D,소스류,과일류,
2126,깻잎지,무침류,채소류,
2127,가지양파나물,무침류,채소류,
2128,무말랭이무침,무침류,채소류,
2129,콩나물볶음,볶음류,채소류,
2130,양파링카레튀김,튀김류,채소류,
2131,브로컬리들깨찜,찜류,채소류,
2132,버섯햄볶음,볶음류,채소류,육류
2133,해물겨자냉채,샐러드류,어패류,
2134,식혜,음료류,곡류,
2138,치킨커틀렛,튀김류,육류,
2139,새송이떡갈비구이,구이류,육류,
2140,시리얼샐러드,샐러드류,채소류,
2144,오이부추무침,무침류,채소류,
2145,삼색샌드위치,빵과자류,채소류,곡류
2146,고추장멸치볶음,볶음류,어패류,
2147,소보로빵,빵과자류,곡류,
2148,갈비만두,만두류,육류,
2149,비엔나볶음,볶음류,육류,
2150,깻잎순볶음,볶음류,채소류,
2151,녹두빈대떡,전류,채소류,
2152,녹두빈대떡,전류,곡류,
2155,부들어묵볶음,볶음류,어패류,
2156,오렌지쥬스,음료류,과일류,
2157,모듬묵샐러드,샐러드류,채소류,
2158,꽁치한마리구이,구이류,어패류,
2162,와사비장,소스류,양념 및 장류,
2166,유기농식혜,음료류,곡류,
2167,잡채말이어묵국,국탕류,어패류,
2168,깐쇼새우,볶음류,어패류,
2169,피자샌드,빵과자류,육류,
2170,부추팽이무침,무침류,채소류,
2171,쥐어채무침,무침류,어패류,
2172,유채겉절이,김치류,채소류,
2173,고추튀김,튀김류,채소류,
2177,오리대패불고기,구이류,육류,
2178,마늘치킨,튀김류,육류,
2179,(New)캔꽁치튀김,튀김류,어패류,
2180,찹쌀도너츠,빵과자류,곡류,
2181,쿠키,빵과자류,곡류,
2182,해초샐러드,샐러드류,채소류,채소류
2183,사과즙,음료류,과일류,
2184,더덕구이,구이류,채소류,
2185,양상추메추리알샐러드,샐러드류,채소류,난류
2186,마파무조림,조림류,채소류,
2187,김가루잔파무침,무침류,해조류,
2188,건새우무조림,조림류,어패류,
2189,소고기스프,스프류,육류,
2190,미트볼케찹조림,조림류,육류,
2191,느타리버섯국,국탕류,채소류,
2192,오이소박이,김치류,채소류,
2193,와플,빵과자류,곡류,
2194,지리멸치볶음,볶음류,어패류,
2195,치커리생채,무침류,채소류,
2196,꽁치양파조림,조림류,어패류,
2197,초계국수,면류,육류,
2198,굴소스파인볶음밥,비빔밥볶음밥류,채소류,
2199,츄러스,빵과자류,곡류,
2200,(New)허니순살치킨,튀김류,육류,
2201,피자빵,빵과자류,육류,
2202,황태해장국,국탕류,어패류,
2203,복주머니딤섬,찜류,육류,
2204,강된장찌개,찌개류,양념 및 장류,
2205,두부쑥갓무침,무침류,채소류,
2206,청량된장찌개,찌개류,양념 및 장류,
2207,얼갈이나물된장무침,무침류,채소류,
2208,소시지볶음,볶음류,육류,
2209,돈까스김밥,밥류,육류,
2210,부추전,전류,채소류,
2211,삼색묵무침,무침류,채소류,
2212,미나리무침,무침류,채소류,
2213,생강채,나물류,채소류,
2217,단호박,채소류,채소류,
2218,콩가루배추된장국,국탕류,채소류,
2219,계란야채말이,구이류,난류,
2220,(New)어떡햄,구이류,육류,
2221,우엉간장조림,조림류,채소류,
2222,매콤콩나물국,국탕류,채소류,
2223,참나물두부무침,무침류,채소류,
2224,꽈배기도넛,빵과자류,곡류,
2225,루꼴라샐러드,샐러드류,채소류,
2226,시나몬페스츄리,빵과자류,곡류,
2227,탕평채,무침류,채소류,
2228,쇠고기버섯볶음,볶음류,육류,
2229,두부,찜류,두류,
2233,김치볶음,볶음류,김치류,
2237,치커리만다린샐러드,샐러드류,채소류,
2238,오렌지D,소스류,과일류,
2242,크래미미역줄기볶음,볶음류,해조류,
2243,스팸계란말이,구이류,난류,
2244,유부주머니된장국,국탕류,두류,
2245,보리누룽지탕,국탕류,곡류,
2246,우무콩국,국탕류,채소류,
2247,얼큰순두부찌개,찌개류,두류,
2248,새우로제파스타,면류,어패류,
2249,베이컨숙주굴소스볶음,볶음류,육류,
2250,고구마연근맛탕,조림류,곡류,
2251,매운순대국,덮밥국밥류,육류,
2252,통오이고추무침,무침류,채소류,
2253,크림스프,스프류,곡류,
2254,메쉬드포테이토,튀김류,곡류,
2255,크로크무슈,빵과자류,채소류,
2256,계란장조림,조림류,두류,
2257,곤드레밥,밥류,채소류,
2259,곤드레밥,밥류,곡류,채소류
2273,돈육김치볶음,볶음류,육류,
2274,닭다리살스테이크,구이류,육류,
2275,무말랭이,무침류,채소류,
2276,통감자오븐구이,구이류,곡류,
2277,오뗄햄김밥,밥류,육류,
2278,모둠묵샐러드,샐러드류,채소류,
2279,홍합탕,국탕류,어패류,
2280,오리양념불고기,구이류,육류,
2281,쌈무,무침류,채소류,
2283,쌈무,나물류,채소류,
2285,남친샌드위치,빵과자류,곡류,
2286,유부우동국물,국탕류,두류,
2287,로제파스타,면류,곡류,
2288,미니채소떡갈비,구이류,육류,
2289,미역초무침,무침류,해조류,
2290,가래떡츄러스,빵과자류,곡류,
2291,샌드위치,빵과자류,곡류,
2292,마늘쫑장아찌,장아찌류,채소류,
2293,쪽파무침,무침류,채소류,
2294,방울양배추베이컨볶음,볶음류,육류,채소류
2295,봄동달래무침,무침류,채소류,
2296,물만두찜,만두류,곡류,
2297,맑은꽃게탕,국탕류,어패류,
2298,해물된장찌개,찌개류,어패류,
2299,전주비빔밥,비빔밥볶음밥류,채소류,
2303,콩나물파채절이,무침류,채소류,
2304,마늘쫑건새우볶음,볶음류,어패류,
2305,마늘쫑볶음,볶음류,채소류,
2306,녹두전(김치),전류,김치류,
2307,방풍나물,무침류,채소류,
2308,크림누룽지탕,국탕류,곡류,
2309,치즈케익,빵과자류,곡류,유제품류
2310,맑은장국,국탕류,양념 및 장류,
2311,채소프리타타,구이류,채소류,
2312,감자카레볶음,볶음류,채소류,
2313,오이볶음,볶음류,채소류,
2314,(New)뿌리채소영양밥,밥류,채소류,
2315,새우또띠아,구이류,어패류,
2316,쌀국수,면류,곡류,
2317,단감,과일류,과일류,
2318,단무지채무침,무침류,채소류,
2319,고구마고로케,빵과자류,채소류,
2320,베추겉절이,김치류,김치류,
2321,로스트치킨샐러드,샐러드류,채소류,
2322,모듬소시지볶음,볶음류,육류,
2323,멸치국수,면류,어패류,
2324,옛날돈까스,튀김류,육류,
2325,볼어묵볶음,볶음류,어패류,
2326,오곡밥,밥류,곡류,
2327,임연수구이,구이류,어패류,
2328,알리오올리오파스타,면류,곡류,
2329,햄야채볶음,볶음류,채소류,
2330,풋고추양파무침,무침류,채소류,
2331,동태탕,국탕류,어패류,
2332,어묵무침,무침류,어패류,
2333,전주식콩나물국해장국,국탕류,채소류,
2334,마늘종멸치볶음,볶음류,어패류,
2335,근대나물,무침류,채소류,
2336,베이컨김치볶음밥,비빔밥볶음밥류,육류,
2337,시저D,소스류,양념 및 장류,
2338,타르타르,소스류,양념 및 장류,
2339,연근깨소스무침,무침류,채소류,
2340,해물수제비국,국탕류,어패류,
2341,팥호빵,빵과자류,곡류,
2342,부추만두,만두류,채소류,
2343,주꾸미굴소스볶음,볶음류,어패류,
2344,죽순버섯볶음,볶음류,채소류,
2345,(New)인절미치킨,튀김류,육류,
2346,시금치팬케익,빵과자류,채소류,
2347,오이무초무침,무침류,채소류,
2348,청양해물파전,전류,어패류,
2349,투움바스파게티,면류,육류,
2350,타르타르소스,소스류,양념 및 장류,
2351,매콤볼어묵볶음,볶음류,어패류,
2352,견과류죽,죽류,두류,
2353,굴소스볶음밥,비빔밥볶음밥류,양념 및 장류,
2354,떡갈비조림,조림류,육류,
2355,미역미소시루국,국탕류,해조류,
2356,봄동겉절이,김치류,채소류,
2357,크림새우,튀김류,어패류,
2358,베이컨샌드,빵과자류,육류,
2359,해물돼지갈비찜,찜류,육류,
2360,요플레,유제품류,양념 및 장류,
2361,요플레,유제품류,유제품류,
2364,목살스테이크,구이류,육류,
2365,돈가스또띠아,구이류,육류,
2366,버섯들깨찌개,찌개류,채소류,
2367,소고기퀘사디아,구이류,육류,
2368,브로콜리,채소류,채소류,
2372,흑임자시금치샐러드,샐러드류,채소류,
2373,삼계탕,국탕류,육류,
2374,채소쌈,채소류,채소류,
2375,삼겹살구이,구이류,육류,
2376,비엔나간장볶음,볶음류,육류,
2377,양배추쌈,채소류,채소류,
2389,양배추쌈,나물류,채소류,
2413,젓장,소스류,어패류,양념 및 장류
2414,무비트생채,무침류,채소류,
2415,상추,채소류,채소류,
2435,상추,나물류,채소류,
2440,망고D,소스류,과일류,
2441,내사랑포도,과일류,과일류,
2442,브리또,빵과자류,육류,곡류
2443,라볶이,면류,곡류,
2444,버섯매운국,국탕류,채소류,
2445,바질페스토스파게티,면류,채소류,
2446,봄나물비빔밥,비빔밥볶음밥류,채소류,
2447,사과고구마그라탕,조림류,과일류,곡류
2448,새우완자전,전류,어패류,
2449,칼국수,면류,곡류,
2458,대추채멸치볶음,볶음류,어패류,
2459,"곰취,명이나물-장아찌",장아찌류,채소류,
2460,두부동그랑땡,전류,두류,
2461,황태두부국,국탕류,어패류,
2462,청양고추계란말이,구이류,난류,
2463,취나물된장볶음,볶음류,채소류,
2464,오이지,무침류,채소류,
2465,채소볶음밥,비빔밥볶음밥류,채소류,
2469,불미나리무침,무침류,채소류,
2470,열대과일,과일류,과일류,
2471,살구복숭아주스,음료류,과일류,
2472,해파리무침,무침류,어패류,
2473,상추파채무침,무침류,채소류,
2474,쫄면야채무침,무침류,곡류,
2475,단호박크림스프,스프류,채소류,
2476,코다리조림,조림류,어패류,
2477,가자미엿장구이,구이류,어패류,
2478,사우전D,소스류,채소류,
2482,오징어무국,국탕류,어패류,
2483,황태무채국,국탕류,어패류,
2484,닭봉오븐구이,구이류,육류,
2485,메밀전병,전류,곡류,
2489,오삼불고기,구이류,육류,
2490,햄감자채볶음,볶음류,육류,곡류
2491,버섯불고기,구이류,육류,
2492,팬케익,빵과자류,곡류,
2493,오징어어묵무침,무침류,어패류,
2494,소시지감자볶음,볶음류,육류,
2495,낙지비빔밥,비빔밥볶음밥류,어패류,
2499,단호박범벅,죽류,채소류,
2500,모둠버섯볶음,볶음류,채소류,
2501,부추팽이겉절이,김치류,채소류,
2502,추가밥,밥류,곡류,
2506,삼색만두채소무침,무침류,채소류,
2507,가지양파무침,무침류,채소류,
2508,목살김치찌개,찌개류,육류,
2509,핫케이크,빵과자류,곡류,
2510,홍합살미역국,국탕류,해조류,
2511,타르소스,소스류,양념 및 장류,
2512,가지고추장무침,무침류,채소류,
2513,김치찌개,찌개류,채소류,
2514,두반장가지볶음,볶음류,채소류,
2515,(New)등심찹쌀꿔바로우,튀김류,육류,
2516,유부김치국,국탕류,두류,김치류
2517,청경채김치,김치류,채소류,
2518,수제고로케,튀김류,채소류,곡류
2519,수제고로케,튀김류,곡류,채소류
2520,수제고로케,빵과자류,채소류,곡류
2521,수제고로케,빵과자류,곡류,채소류
2522,마늘쫑건새우무침,무침류,어패류,
2523,타워함박스테이크,구이류,육류,
2524,진미채무말랭이무침,무침류,어패류,
2525,치커리유자청무침,무침류,채소류,
2526,수박,과일류,과일류,
2527,버섯탕수,튀김류,채소류,
2528,소고기샤브국,국탕류,육류,
2529,생선가스,튀김류,어패류,
2533,오프룻요거트,유제품류,유제품류,
2534,양념,소스류,양념 및 장류,
2543,얼큰낙지죽,죽류,어패류,
2544,아귀매운탕,국탕류,어패류,
2545,양념깻잎찜,찜류,채소류,
2546,(New)치킨마요덮밥,덮밥국밥류,육류,
2547,연복풍덮밥,덮밥국밥류,채소류,양념 및 장류
2548,과일플레인샐러드,샐러드류,채소류,과일류
2549,돌나물초장,소스류,채소류,
2550,쭈삼불고기,구이류,육류,어패류
2551,취나물쌈장무침,무침류,채소류,
2552,삼겹살볶음밥,비빔밥볶음밥류,육류,
2553,간장돼지갈비찜,찜류,육류,
2554,새송이버섯죽,죽류,채소류,
2555,사골옹심이만둣국,국탕류,곡류,
2556,멸치마늘종조림,조림류,어패류,
2557,메추리알짜장떡볶이,떡류,난류,
2558,김구이,해조류,해조류,
2567,칠리소스두부브로컬리볶음,볶음류,두류,채소류
2568,임연수찜,찜류,어패류,
2569,과일샐러드,샐러드류,채소류,
2570,에그타르트,빵과자류,난류,
2571,수수밥,밥류,곡류,
2572,무쌈깻잎,무침류,채소류,
2573,씨크립샌드,빵과자류,어패류,
2574,해물손수제비,국탕류,어패류,
2575,닭오븐구이,구이류,육류,
2576,돼지갈비찜,찜류,육류,
2577,흑미두부죽,죽류,곡류,
2578,옛날소시지전,전류,육류,
2579,꽁치김치찜,찜류,어패류,
2580,얼갈이나물,무침류,채소류,
2581,날치알김치볶음밥,비빔밥볶음밥류,어패류,김치류
2582,모듬장조림(소고기),조림류,육류,
2583,제육볶음,구이류,육류,
2584,곤약흑임자무침,무침류,채소류,
2585,햄전,전류,육류,
2586,감자양념조림,조림류,곡류,
2587,에그갈릭토스트,빵과자류,난류,
2588,오렌지빵,빵과자류,과일류,
2589,닭살겨자냉채,샐러드류,육류,
2590,콩나물밥,밥류,채소류,
2599,고구마치즈빵,빵과자류,곡류,
2600,오렌지,과일류,과일류,
2609,두부부침,부침류,두류,
2610,새송이버섯장조림,조림류,채소류,
2611,(New)명란연근전,전류,어패류,채소류
2612,열무김치볶음,볶음류,김치류,
2613,조갯살근대국,국탕류,어패류,
2614,쇠불고기,구이류,육류,
2615,오이생채,무침류,채소류,
2616,닭간장볶음,볶음류,육류,
2617,얼갈이국,국탕류,채소류,
2618,케이준치킨샐러드,샐러드류,채소류,
2619,치킨까스,튀김류,육류,
2628,돈까스또띠아,빵과자류,육류,곡류
2629,된장찌개,찌개류,양념 및 장류,
2630,들깨시래기국,국탕류,채소류,
2631,도라지오이무침,무침류,채소류,
2632,양배추,채소류,채소류,
2636,쌈,채소류,채소류,
2640,수완왕갈비맛통닭,튀김류,육류,
2641,겨울초겉절이,김치류,김치류,
2642,(New)할라피뇨멸치주먹밥,비빔밥볶음밥류,어패류,
2643,돈채표고버섯볶음,볶음류,채소류,
2644,방어양념장구이,구이류,어패류,
2645,후리가케덮밥,덮밥국밥류,양념 및 장류,
2646,쇠고기육전,전류,육류,
2647,치킨텐더,튀김류,육류,
2656,미트볼피망볶음,볶음류,육류,
2657,근대감자국,국탕류,곡류,
2658,우동국,국탕류,곡류,
2659,오므라이스,비빔밥볶음밥류,난류,
2660,보리밥,밥류,곡류,
2661,깐풍육,구이류,육류,
2662,생야채,채소류,채소류,
2671,그린샐러드,샐러드류,채소류,
2752,짜장잡채밥,비빔밥볶음밥류,양념 및 장류,
2753,유부장국,국탕류,두류,
2754,호박잎된장찌개,찌개류,채소류,
2755,나박물김치,김치류,김치류,
2756,치즈볼,빵과자류,유제품류,
2757,삼치구이,구이류,어패류,
2761,오이냉국,국탕류,채소류,
2762,크루통샐러드,샐러드류,채소류,
2771,딸기D,소스류,과일류,
2780,(New)돈갈비김치찌개,찌개류,육류,
2781,백종원의사라다빵,빵과자류,채소류,유제품류
2782,호떡,빵과자류,곡류,
2783,참나물초장무침,무침류,채소류,
2784,목살찹스테이크,구이류,육류,
2785,매콤떡갈비조림,조림류,육류,
2786,미더덕콩나물찜,찜류,어패류,
2787,바나나드레싱,소스류,과일류,
2788,갈치양념조림,조림류,어패류,
2789,사과베이비샐러드,샐러드류,채소류,과일류
2790,미니우동,면류,곡류,
2791,고추지,무침류,채소류,
2792,단무지양념무침,무침류,채소류,
2793,케일숙쌈,나물류,채소류,
2794,가쓰오장국,국탕류,양념 및 장류,
2795,찰현미밥,밥류,곡류,
2796,모둠묵,묵류,곡류,
2797,모둠묵,묵류,채소류,
2800,오이사과무침,무침류,채소류,과일류
2801,삼색콜리,채소류,채소류,
2802,초고추장,소스류,양념 및 장류,
2803,토마토스파게티(작은밥),면류,양념 및 장류,곡류
2804,치커리귤무침,무침류,채소류,
2805,오이양배추피클,채소류,채소류,
2806,고등어구이,구이류,어패류,
2810,궁중떡볶음,떡류,곡류,
2811,(쌀밥,밥류,곡류,
2812,미니떡갈비조림,조림류,육류,
2813,옛날왕돈까스,튀김류,육류,
2814,돈까스,튀김류,육류,
2815,양념깻잎지,무침류,채소류,
2816,오렌지드레싱,소스류,과일류,
2817,파닭,튀김류,육류,
2818,물파래초무침,무침류,채소류,
2819,콘소스D,소스류,곡류,
2820,봄동된장무침,무침류,채소류,
2821,흑미밥,밥류,곡류,
2822,주먹밥,밥류,곡류,
2823,크림카레우동,면류,양념 및 장류,
2824,장각삼계탕,국탕류,육류,
2825,사과오이무침,무침류,과일류,채소류
2826,상추쑥갓생채,무침류,채소류,
2827,열무나물무침,무침류,김치류,
2828,연두부샐러드,샐러드류,채소류,
2832,검은깨올방개묵무침,무침류,채소류,
2833,와사비무쌈,무침류,채소류,
2837,유산슬,볶음류,육류,채소류
2838,불고기덮밥,덮밥국밥류,육류,
2839,사골우거지국,국탕류,육류,
2840,오이미역무침,무침류,해조류,
2841,치커리들깨무침,무침류,채소류,
2842,완두콩스프,스프류,두류,
2843,아몬드멸치볶음,볶음류,어패류,
2844,해물볶음,볶음류,어패류,
2845,안동찜닭,찜류,육류,
2846,미니돈까스,튀김류,육류,
2847,오꼬노미계란말이,구이류,난류,
2848,돈나물오리엔탈무침,무침류,채소류,
2849,비엘티샌드위치,빵과자류,육류,채소류
2850,보쌈김치,김치류,육류,김치류
2851,하와이안필라프,비빔밥볶음밥류,과일류,
2852,웨지감자오븐구이,구이류,곡류,
2853,모듬어묵볶음,볶음류,어패류,
2854,오리고추장불고기,구이류,육류,
2855,새우완자국,국탕류,어패류,
2856,골뱅이채소무침,무침류,어패류,
2860,실곤약,면류,곡류,
2861,닭볶음,볶음류,육류,
2862,바지락콩나물국,국탕류,어패류,
2863,미니함박조림,조림류,육류,
2864,깻잎,채소류,채소류,
2868,비타민흑임자샐러드,샐러드류,채소류,
2872,허니버터치킨,튀김류,육류,
2873,감자채피망볶음,볶음류,곡류,채소류
2874,소고기된장찌개,찌개류,육류,
2875,요거닭,튀김류,육류,유제품류
2876,몽골식돈육볶음,볶음류,육류,
2880,(New)수제단호박식혜,음료류,채소류,
2881,미니쌀국수,면류,곡류,
2882,소고기무우국,국탕류,육류,
2883,대패삼겹살볶음,볶음류,육류,
2884,돌나물무침,무침류,채소류,
2885,포테이토오븐구이,구이류,곡류,
2886,시금치나물무침,무침류,채소류,
2887,축하떡,떡류,곡류,
2888,굴미역국,국탕류,해조류,
2889,오리훈제고추장볶음,볶음류,육류,
2890,샤워크림새우,튀김류,어패류,
2891,햄계란말이,구이류,난류,육류
2892,냉이된장찌개,찌개류,채소류,
2893,소고기주먹밥,비빔밥볶음밥류,육류,
2894,김밥볶음밥,비빔밥볶음밥류,채소류,
2895,단호박스프,스프류,채소류,
2896,계란떡볶이,떡류,양념 및 장류,곡류
2897,건새우아욱국,국탕류,어패류,
2898,피홍합탕,국탕류,어패류,
2899,군고구마,구이류,곡류,
2900,땅콩멸치조림,조림류,어패류,
2901,야채샐러드,샐러드류,채소류,
2902,조각케익,빵과자류,곡류,
2903,너비아니구이,구이류,육류,
2904,브로콜리숙회,회류,채소류,
2908,훈제오리볶음,볶음류,육류,
2909,옹심이만두떡국,국탕류,곡류,
2910,오징어국,국탕류,어패류,
2911,콩나물국,국탕류,채소류,
2912,동그랑땡강정,튀김류,육류,
2913,멸치크랜베리볶음,볶음류,어패류,
2914,시래기지짐,찜류,채소류,
2915,가지쇠고기볶음,볶음류,육류,
2916,부채살오므라이스,비빔밥볶음밥류,육류,
2917,부추와사비무침,무침류,채소류,
2918,가쯔오국,국탕류,양념 및 장류,
2919,실곤약냉채,샐러드류,채소류,
2920,땡초주먹밥,비빔밥복음밥류,채소류,
2921,삼겹살야채비빔면,면류,육류,
2922,류산슬,볶음류,육류,채소류
2923,콩가루배춧국,국탕류,채소류,
2924,돈육도라지고추장볶음,볶음류,육류,
2925,소고기계란장조림,조림류,육류,난류
2926,꽃맛살오리엔탈샐러드,샐러드류,채소류,채소류
2927,깐풍두부,구이류,두류,
2928,새우만두,만두류,어패류,
2929,도라지오이생채,무침류,채소류,
2930,감자채볶음,볶음류,곡류,
2931,쫑상추무침,무침류,채소류,
2932,팝콘치킨,튀김류,육류,
2936,데리야끼소스,소스류,양념 및 장류,
2945,쑥갓두부무침,무침류,두류,채소류
2946,우불고기,구이류,육류,
2947,샐러드파스타,면류,채소류,
2948,모둠튀김,튀김류,채소류,
2950,모둠튀김,튀김류,채소류,육류
2957,소고기미역국,국탕류,해조류,육류
2958,맛탕,볶음류,곡류,
2959,고구마줄기볶음,볶음류,채소류,
2960,콩비지김치찌개,찌개류,두류,김치류
2961,오징어땅콩조림,조림류,어패류,
2962,섭산적고추장구이,구이류,육류,
2963,김치제육볶음,볶음류,육류,
2964,꼬막찜,찜류,어패류,
2965,새우볶음밥,비빔밥볶음밥류,어패류,
2966,황태국수,면류,어패류,
2967,닭살냉채,샐러드류,육류,
2968,골뱅이소면무침,무침류,어패류,
2969,가지무침,무침류,채소류,
2970,오리들깨탕,국탕류,육류,
2971,돈수육,찜류,육류,
2972,만두탕수육,튀김류,육류,
2973,피바지락배추국,국탕류,어패류,
2974,클로렐라,해조류,채소류,곡류
2975,상추무침,무침류,채소류,
2979,돈육잡채,면류,육류,
2980,해물잡채,면류,어패류,
2981,볼어묵조림,조림류,어패류,
2982,열무비빔국수,면류,곡류,김치류
2983,숙주나물무침,무침류,채소류,
2984,새송이버섯조림,조림류,채소류,
2985,해물콩나물찜,찜류,어패류,
2986,야채소시지전,전류,육류,
2987,야채소시지전,전류,채소류,육류
2990,훈제오리불고기,구이류,육류,
2991,모둠튀김(만두*고추*통계란),튀김류,채소류,난류
2992,숙주미나리잡채,면류,채소류,
2993,자반고등어찜,찜류,어패류,
2994,오징어초무침,무침류,어패류,
2995,삼계국밥,덮밥국밥류,육류,
2996,얼갈이겉절이,김치류,채소류,
2997,(New)아롱사태샐러드,샐러드류,채소류,채소류
2998,들깨소스,소스류,곡류,
2999,반달호박나물,나물류,채소류,
3000,맛살콩나물냉채,샐러드류,어패류,
3001,토마토샌드위치,빵과자류,과일류,
3002,홍합미역국,국탕류,해조류,어패류
3003,꽃상추무침,무침류,채소류,
3004,샐러리샐러드,샐러드류,채소류,
3005,동태콩나물찜,찜류,어패류,
3006,(NeW)깐풍아귀,구이류,어패류,
3007,허니슈스트링감자,튀김류,곡류,
3008,바나나시나몬토스트,빵과자류,과일류,
3009,소세지오븐구이,구이류,육류,
3010,고등어김치찜,찜류,어패류,김치류
3011,소고기매운국,국탕류,육류,
3012,김치콩나물국,국탕류,채소류,
3013,김치전,전류,김치류,
3014,왕만두,만두류,육류,
3015,꽁치오븐구이,구이류,어패류,
3016,닭개장,찌개류,육류,
3017,새우살죽,죽류,어패류,
3021,검정콩밥,밥류,곡류,
3022,애호박볶음,볶음류,채소류,
3023,상추파무침,무침류,채소류,
3024,호박고구마오븐구이,구이류,채소류,
3025,수제돈까스,튀김류,육류,
3034,해물볶음밥,비빔밥볶음밥류,어패류,
3035,고추잎나물,나물류,채소류,
3036,크림롤케익,빵과자류,곡류,
3037,새송이고추장구이,구이류,채소류,
3038,참치파개장,찌개류,어패류,
3039,두부카프레제샐러드,샐러드류,채소류,
3040,치자밥,밥류,곡류,
3041,닭매운찜,찜류,육류,
3042,버섯영양밥,밥류,채소류,
3046,우렁양념장,소스류,어패류,양념 및 장류
3047,(New)배추오이흑임자무침,무침류,채소류,
3048,쑥된장국,국탕류,채소류,
3049,쇠고기해장국,국탕류,육류,
3050,해물죽,죽류,어패류,
3051,표고돈육탕수,튀김류,육류,
3052,매운호박볶음,볶음류,채소류,
3053,콩가루된장국,국탕류,채소류,
3054,쪽파국,국탕류,채소류,
3055,파김치,김치류,김치류,
3056,삼색물만두무침,무침류,육류,
3057,시금치초장무침,무침류,채소류,
3058,근대국,국탕류,채소류,
3059,(New)버터치킨카레소스,소스류,육류,양념 및 장류
3060,영양부추생채,무침류,채소류,
3061,매운소고기국,국탕류,육류,
3062,돈까스김치나베,찌개류,육류,김치류
3063,데리야끼파닭,튀김류,육류,
3064,견과류샐러드,샐러드류,채소류,
3073,해물짬뽕국,국탕류,어패류,
3074,연근유자피클,채소류,채소류,
3075,김치주먹밥,밥류,김치류,
3076,콘치즈오븐구이,구이류,곡류,유제품류
3077,콩자반,나물류,곡류,
3078,홍삼,음료류,채소류,
3079,크란치바,빵과자류,곡류,
3080,요거트감귤D,소스류,유제품류,유제품류
3081,닭가슴살겨자무침,무침류,육류,
3082,통배추겉절이,김치류,김치류,
3083,케익,빵과자류,곡류,
3084,유자청D,소스류,과일류,
3085,크로아상샌드위치,빵과자류,곡류,
3086,후난식볶음밥,비빔밥볶음밥류,육류,
3087,비빔국수,면류,양념 및 장류,
3088,간장치킨,튀김류,육류,
3089,동파육,조림류,육류,
3090,호박볶음,볶음류,채소류,
3091,근대고추장무침,무침류,채소류,
3092,올방개묵무침,무침류,채소류,
3093,옛날돈가스,튀김류,육류,
3094,미소장국,국탕류,양념 및 장류,
3095,머위대들깨볶음,볶음류,채소류,
3096,마늘,채소류,채소류,
3105,새우젓,소스류,어패류,
3106,미역레몬초무침,무침류,해조류,
3107,아귀지리탕,국탕류,어패류,
3108,가지나물,나물류,채소류,
3109,사과청경채무침,무침류,과일류,
3110,두부떡국,국탕류,두류,
3111,목살데리야끼,구이류,육류,
3112,"(대추,표고,밤)",견과류,곡류,
3113,삼색귤소스무침,무침류,과일류,
3114,잣죽,죽류,곡류,
3115,스팸계란전,전류,육류,난류
3116,베이컨치즈베이글,빵과자류,육류,
3117,오이지무침,무침류,채소류,
3118,청경채사과생채,무침류,채소류,
3119,베이글,빵과자류,곡류,
3120,무생채,무침류,채소류,
3121,무나물들깨볶음,볶음류,채소류,
3122,고구마떡볶이,떡류,곡류,
3123,흑미쌀찐빵,빵과자류,곡류,
3124,허니버터옥수수,디저트,곡류,유제품류
3125,얼큰소고기무국,국탕류,육류,
3126,오리훈제마늘볶음,볶음류,육류,
3127,또띠아칩,빵과자류,곡류,
3128,연유후레쉬,빵과자류,유제품류,
3129,푸실리파스타샐러드,샐러드류,채소류,채소류
3130,건취나물볶음,볶음류,채소류,
3131,치커리단감무침,무침류,채소류,
3132,잡채밥,밥류,육류,
3133,잡채밥,밥류,채소류,곡류
3136,손수제비국,국탕류,곡류,
3137,순두부찌개,찌개류,두류,
3138,참치채소볶음,볶음류,어패류,
3139,배추쌈,채소류,채소류,
3140,콩나물파채,나물류,채소류,
3141,히레카츠,튀김류,육류,
3142,동파삼겹수육,찜류,육류,
3143,양배추채무침,무침류,채소류,
3144,꽃게찌개,찌개류,어패류,
3145,꽁치허브구이,구이류,어패류,
3146,꽃빵,빵과자류,곡류,
3147,개성식메밀부침개,전류,채소류,
3148,연근흑임자샐러드,샐러드류,채소류,
3149,삼치양념구이,구이류,어패류,
3150,언양식불고기,구이류,육류,
3154,양파채,채소류,채소류,
3155,명태코다리조림,조림류,어패류,
3156,마카로니샐러드,샐러드류,채소류,곡류
3157,두부된장찌개,찌개류,두류,
3158,샐러드,샐러드류,채소류,
3167,군만두,만두류,채소류,육류
3168,군만두,만두류,육류,
3176,바베큐장각오븐구이,구이류,육류,
3177,석류D,소스류,과일류,
3181,깻순나물,나물류,채소류,
3182,양배추샐러드,샐러드류,채소류,
3207,꽁치레몬구이,구이류,어패류,
3208,(New)오리들깨탕,국탕류,육류,
3209,순대오징어볶음,볶음류,육류,어패류
3210,가자미구이,구이류,어패류,
3211,치즈닭갈비,구이류,육류,
3212,바지락국,국탕류,어패류,
3213,고갈비구이,구이류,어패류,
3214,오미자D,소스류,과일류,
3215,매생이굴국,국탕류,해조류,
3216,모듬버섯탕수육,튀김류,채소류,
3217,가자미엿장조림,조림류,어패류,
3218,마늘쫑새우볶음,볶음류,채소류,
3219,모듬떡볶이,떡류,곡류,
3220,실곤약야채무침,무침류,채소류,
3221,매운순대국밥,덮밥국밥류,육류,
3222,우엉조림,조림류,채소류,
3223,순살파닭,튀김류,육류,
3224,맑은순두부국,국탕류,두류,
3225,짠지오이무침,무침류,채소류,
3226,건새우호박볶음,볶음류,어패류,
3227,적어양념장구이,구이류,양념 및 장류,
3228,목살간장조림,조림류,육류,
3229,순살양념치킨,튀김류,육류,
3230,컬리플라워샐러드,샐러드류,채소류,
3231,(지단.김가루),해조류,해조류,
3232,우엉어묵볶음,볶음류,어패류,
3233,새우살볶음밥,비빔밥볶음밥류,어패류,
3234,단무지무침,무침류,채소류,
3235,(New)궁보계정,볶음류,육류,
3236,새우튀김,튀김류,어패류,
3240,크림소스,소스류,양념 및 장류,
3241,곤약어묵볶음,볶음류,어패류,
3242,호두견과류강정,튀김류,곡류,
3243,소불고기덮밥,덮밥국밥류,육류,
3244,참치채소죽,죽류,어패류,
3245,치킨마요덮밥,덮밥국밥류,육류,
3246,땅콩소스,소스류,곡류,
3247,시금치두부무침,무침류,두류,채소류
3248,크랜베리단호박샐러드,샐러드류,채소류,
3249,볶음김치,김치류,김치류,
3250,우동장국,국탕류,곡류,양념 및 장류
3251,우엉땅콩조림,조림류,채소류,곡류
3252,마늘베이컨볶음밥,비빔밥볶음밥류,육류,
3253,두부참치조림,조림류,어패류,두류
3254,소고기메추리알장조림,조림류,육류,난류
3255,봄동전,전류,채소류,
3259,돈사태김치찜,찜류,육류,김치류
3260,명태양념조림,찜류,어패류,
3261,소고기콩나물밥,비빔밥볶음밥류,육류,
3262,감자고구마샐러드,샐러드류,채소류,
3263,느타리애호박볶음,볶음류,채소류,
3264,맛살떡샐러드,샐러드류,채소류,
3265,버섯죽,죽류,채소류,
3266,미역소고기죽,죽류,해조류,육류
3267,팥죽,죽류,곡류,
3268,(New)빠네파스타,면류,곡류,유제품류
3269,비프스파게티,면류,육류,곡류
3270,봄동무침,무침류,채소류,
3271,매생이국,국탕류,해조류,
3272,수삼닭죽,죽류,육류,
3273,부추생채,무침류,채소류,
3277,대패삼겹,구이류,육류,
3278,파채,나물류,채소류,
3282,통마늘너비아니조림,조림류,육류,
3283,쇠고기우거지국,국탕류,육류,
3284,쇠고기매운버섯국,국탕류,육류,
3285,자장소스,소스류,양념 및 장류,
3294,햄에그샌드위치,빵과자류,육류,난류
3295,방풍나물무침,무침류,채소류,
3296,감자비엔나볶음,볶음류,육류,
3297,쌈추전,전류,채소류,
3298,궁중떡볶이,떡류,곡류,
3299,돈갈비양념구이,구이류,육류,
3300,쇠고기청경채볶음,볶음류,육류,
3301,통계란꼬치어묵탕,탕류,난류,어패류
3302,매생이전,전류,해조류,
3303,견과쌈장,소스류,곡류,
3304,매실D,소스류,과일류,
3305,고춧잎볶음,볶음류,채소류,
3306,우동국물,국탕류,어패류,
3307,매콤시래기된장지짐,무침류,채소류,양념 및 장류
3308,왕새우튀김,튀김류,어패류,
3309,미트볼파스타,면류,육류,곡류
3310,견과류연근조림,조림류,채소류,
3311,차조밥,밥류,곡류,
3312,시저샐러드,샐러드류,채소류,
3316,시저드레싱,소스류,양념 및 장류,
3317,깻잎양념찜,찜류,채소류,
3318,(New)코코뱅,국탕류,육류,
3319,오징어튀김,튀김류,어패류,
3323,초간장,소스류,채소류,
3324,초간장,소스류,양념 및 장류,
3332,인절미,떡류,곡류,
3333,연근,나물류,채소류,
3334,인기가요샌드,빵과자류,유제품류,곡류
3335,누룽지,밥류,곡류,
3336,버섯들깨죽,죽류,채소류,
3337,건새우마늘쫑볶음,볶음류,어패류,
3338,섭산적구이,구이류,육류,
3339,대파육개장,찌개류,육류,
3341,대파육개장,국탕류,육류,
3343,연어스테이크,구이류,어패류,
3344,달래새우전,전류,어패류,
3345,도토리묵채소무침,무침류,채소류,
3346,호박숙,죽류,채소류,
3350,씨앗쌈장,소스류,채소류,
3351,씨앗쌈장,소스류,채소류,양념 및 장류
3354,꽁치한마리레몬구이,구이류,어패류,
3355,짬뽕국,국탕류,어패류,육류
3356,크리스마스케익,빵과자류,곡류,유제품류
3357,(New)누룽지장각백숙,국탕류,육류,
3358,오징어무침,무침류,어패류,
3359,두부계란전,전류,두류,난류
3360,두부계란전,전류,난류,두류
3363,야채햄샌드,빵과자류,육류,
3364,피클,채소류,채소류,
3368,음료,음료류,과일류,
3372,미역줄기볶음,볶음류,해조류,
3373,모닝롤,빵과자류,곡류,
3374,모짜렐라핫도그,빵과자류,곡류,유제품류
3375,짜샤이볶음,볶음류,김치류,
3376,쇠고기규동덮밥,덮밥국밥류,육류,
3377,수제탕수육,튀김류,육류,
3378,주꾸미초무침,무침류,어패류,
3379,들깨감자국,국탕류,곡류,
3380,메추리알꽈리고추조림,조림류,난류,
3381,깻잎찜,찜류,채소류,
3382,흑임자드레싱,소스류,곡류,
3383,흑임자드레싱,소스류,채소류,
3386,요거트파르페,디저트,유제품류,
3387,돈육마늘장조림,조림류,육류,
3388,메추리알치즈떡볶이,떡류,난류,
3389,깍두기,김치류,김치류,
3390,김치제육덮밥,덮밥국밥류,육류,김치류
3391,봄동쌈,나물류,채소류,
3392,참치야채전,전류,어패류,
3393,고등어양념구이,구이류,어패류,
3394,모둠소시지구이,구이류,육류,
3395,양잡피잡채,면류,육류,채소류
3396,미역오이초무침,무침류,해조류,
3397,브로콜리스프,스프류,채소류,
3398,곰피초장,소스류,채소류,
3399,건파래볶음,볶음류,해조류,
3400,감자채파프리카볶음,볶음류,곡류,채소류
3401,옥수수계란찜,찜류,난류,곡류
3402,옥수수샌드,빵과자류,곡류,
3403,제육간장불고기,구이류,육류,
3404,갈릭파이,빵과자류,곡류,
3405,두부맑은국,국탕류,두류,
3406,김치순두부찌개,찌개류,두류,김치류
3407,카프레제샐러드,샐러드류,채소류,
3408,감귤D,소스류,과일류,
3409,보코치니샐러드,샐러드류,채소류,
3410,달래된장국,국탕류,채소류,
3411,토마토설탕절인,무침류,과일류,
3412,오이양파무침,무침류,채소류,
3413,통고추쌈장무침,무침류,채소류,
3414,계란말이,구이류,난류,
3415,알감자버터구이,구이류,곡류,
3416,냉이나물무침,무침류,채소류,
3417,소세지볶음,볶음류,육류,
3418,훈제오리고추장볶음,볶음류,육류,
3419,브로컬리,채소류,채소류,
3435,땅콩아몬드조림,조림류,곡류,
3436,쇠고기모듬장조림,조림류,육류,
3437,쇠고기야채볶음,볶음류,육류,
3438,팽이버섯채소전,전류,채소류,
3439,꽁치김치말이,조림류,어패류,김치류
3440,또띠아피자,구이류,유제품류,
3441,연어훈제샐러드,샐러드류,채소류,
3442,하루나겉절이,김치류,김치류,
3443,미니잔치국수,면류,곡류,
3444,(New)케일쌈밥,비빔밥볶음밥류,채소류,
3445,바베큐폭립,구이류,육류,
3446,숙주미나리나물,나물류,채소류,
3447,마늘쫑햄볶음,볶음류,육류,채소류
3448,어묵매운국,국탕류,어패류,
3449,꽈리고추찹쌀무침,무침류,채소류,
3450,애플카레라이스,비빔밥볶음밥류,양념 및 장류,
3451,버섯메추리알장조림,조림류,난류,
3452,홍시드레싱샐러드,샐러드류,채소류,
3453,촉촉한치즈빵,빵과자류,곡류,유제품류
3454,채소죽,죽류,채소류,
3455,깐풍기,튀김류,육류,
3456,오이무피클,채소류,채소류,
3457,딸기요거트D,소스류,유제품류,
3458,딸기푸딩,디저트,과일류,
3459,탕수만두,만두류,육류,
3460,멸치고추장무침,무침류,어패류,
3461,김치고기전,전류,육류,김치류
3462,시금치샐러드,샐러드류,채소류,
3466,어묵잡채,면류,어패류,
3467,골뱅이무침,무침류,어패류,
3476,쇠고기두부찜,찜류,육류,
3477,적어구이,구이류,어패류,
3478,차돌박이찌개,찌개류,육류,
3479,두부오꼬노미야끼,전류,두류,
3480,감자그라탕,국탕류,곡류,
3481,귀리밥,밥류,곡류,
3482,메밀부추전,전류,채소류,
3483,핫도그,빵과자류,육류,
3487,양념깻잎지찜,찜류,채소류,
3488,한식잡채,면류,채소류,육류
3489,고등어카레구이,구이류,어패류,
3490,짜장닭볶음,볶음류,육류,양념 및 장류
3491,두부김칫국,국탕류,두류,김치류
3492,선지해장국,국탕류,육류,
3493,수제함박스테이크,구이류,육류,
3494,달래두부무침,무침류,채소류,두류
3495,참치야채죽,죽류,어패류,
3496,돈육가지두반장볶음,볶음류,육류,
3497,찜닭,찜류,육류,
3498,명란계란찜,찜류,난류,
3499,건새우무채국,국탕류,어패류,
3500,아쿠아돈까스,튀김류,육류,
3501,스틱단무지,김치류,채소류,
3502,꽁채캔김치조림,조림류,어패류,
3503,계란찜,찜류,난류,
3504,고구마함박스테이크,구이류,육류,
3505,콩죽,죽류,곡류,
3506,아욱국,국탕류,채소류,
3507,매쉬드포테이토,튀김류,곡류,
3508,타르,소스류,양념 및 장류,
3509,소고기숙주볶음,볶음류,육류,채소류
3510,에그단호박샌드,빵과자류,난류,채소류
3511,비엔나야채볶음,볶음류,육류,
3512,라면땅,빵과자류,곡류,
3513,쇠고기죽,죽류,육류,
3514,날치알계란찜,찜류,난류,어패류
3515,오이초무침,무침류,채소류,
3516,청포도주스,음료류,과일류,
3517,닭감자조림,조림류,육류,
3518,어묵피망볶음,볶음류,어패류,
3519,미나리숙주무침,무침류,채소류,
3520,방울토마토,채소류,과일류,
3521,미역나물,나물류,해조류,
3522,수제피클,채소류,채소류,
3523,슈크림,빵과자류,곡류,
3524,식빵피자,빵과자류,곡류,
3525,돈육간장볶음,볶음류,육류,
3526,나주곰탕,국탕류,육류,
3527,미나리오이무침,무침류,채소류,
3528,매콤낙지볶음,볶음류,어패류,
3529,조기구이,구이류,어패류,
3530,오렌지자몽샐러드,샐러드류,채소류,
3531,채소계란말이,구이류,난류,
3532,짬뽕,면류,어패류,육류
3533,가지두반장볶음,볶음류,채소류,
3534,쭈꾸미삼겹고추장볶음,볶음류,육류,어패류
3535,오이사과생채,무침류,채소류,과일류
3536,등뼈묵은지찜,찜류,육류,
3537,겉절이김치,무침류,김치류,
3538,나가사끼짬뽕,면류,어패류,
3539,참나물땅콩무침,무침류,채소류,
3540,오징어찌개,찌개류,어패류,
3541,버섯숙회,회류,채소류,
3542,꼬시래기초무침,무침류,채소류,
3543,자반김,해조류,해조류,
3544,조각사과,과일류,과일류,
3545,계란볶음밥,비빔밥볶음밥류,곡류,난류
3546,브로콜리새송이메추리알조림,조림류,난류,채소류
3547,바지락무국,국탕류,어패류,
3548,새우살미역국,국탕류,해조류,
3549,단호박장조림,조림류,채소류,
3550,파인애플,과일류,과일류,
3551,두부고기양념찜,찜류,육류,
3552,취나물,나물류,채소류,
3553,토마토스파게티,면류,육류,채소류
3554,늙은호박죽,죽류,채소류,
3555,돈채호박볶음,볶음류,채소류,
3556,북어해장국,국탕류,어패류,
3557,치커리만다린무침,무침류,채소류,
3558,무채국,국탕류,채소류,
3559,임연수엿장조림,조림류,어패류,
3560,파인애플볶음밥,비빔밥볶음밥류,과일류,
3561,토마토,채소류,채소류,
3562,북어무우국,국탕류,어패류,
3563,볶음우동,면류,곡류,
3564,크랜베리멸치볶음,볶음류,어패류,
3565,쌈짱,소스류,양념 및 장류,
3566,미나리초장무침,무침류,채소류,
3567,냉이국,국탕류,채소류,
3568,오징어브로컬리,회류,어패류,
3569,오징어브로컬리,회류,어패류,채소류
3572,감자국,국탕류,곡류,
3573,귤,과일류,과일류,
3574,비엔나감자구이,구이류,육류,
3575,우유,유제품류,유제품류,
3576,동그랑땡구이,구이류,육류,
3577,"망고,복숭아아이스티",음료류,과일류,
3578,수원왕갈비통닭,튀김류,육류,
3579,홍합국,국탕류,어패류,
3580,마늘빵,빵과자류,곡류,
3584,장국,국탕류,양념 및 장류,
3585,북어국,국탕류,어패류,
3586,열무나물,나물류,김치류,
3587,양념고추지,무침류,채소류,
3588,고구마그라탕,국탕류,채소류,
3589,버섯들깨탕,국탕류,채소류,
3590,치즈베이글,빵과자류,곡류,
3591,토마토두부카프레제,샐러드류,두류,채소류
3592,돈육떡강정,튀김류,육류,
3593,치킨텐더샐러드,샐러드류,채소류,
3594,취나물볶음,볶음류,채소류,
3595,옹심이만둣국,국탕류,곡류,
3596,콩나물동태찜,찜류,어패류,채소류
3597,상추부추무침,무침류,채소류,
3598,건파래무침,무침류,해조류,
3599,두부조림,조림류,두류,
3600,동태찌개,찌개류,어패류,
3601,딸기요거트,소스류,유제품류,
3602,(New)국물쪼리닭,조림류,육류,
3603,연근샐러드,샐러드류,채소류,
3604,비름나물,나물류,채소류,
3605,크렌베리멸치볶음,볶음류,어패류,
3606,꽁치김치조림,조림류,어패류,김치류
3607,토마토스크램블,구이류,난류,
3608,절인고추,채소류,채소류,
3609,아귀순살찜,찜류,어패류,
3610,멸치견과류볶음,견과류,곡류,
3611,옥수수감자범벅,죽류,곡류,
3612,열무된장국,국탕류,채소류,
3613,봄나물튀김,튀김류,채소류,
3614,꽈리고추어묵볶음,볶움류,채소류,어패류
3615,마계토스트,빵과자류,곡류,
3616,과일요거트샐러드,샐러드류,채소류,
3617,사과오이초무침,무침류,채소류,과일류
3618,스팸구이,구이류,육류,
3619,오이&당근,채소류,채소류,
3620,쇠고기덮밥,덮밥국밥류,육류,
3621,락교,김치류,채소류,
3622,유부주머니국,국탕류,두류,
3623,쇠고기가지조림,조림류,육류,
3624,파스타샐러드,샐러드류,채소류,
3625,불고기필라프,비빔밥볶음밥류,육류,
3626,쇠고기잡채,면류,육류,
3627,감자전,전류,곡류,
3628,섭산적조림,조림류,육류,
3629,고구마오븐구이,구이류,곡류,
3630,간장두부조림,조림류,두류,
3631,고구마순볶음,볶음류,채소류,
3632,건강비빔밥,비빔밥볶음밥류,채소류,
3633,약고추장,소스류,양념 및 장류,
3634,꽃게탕,국탕류,어패류,
3635,치킨너겟,튀김류,육류,
3639,만두찜,만두류,육류,
3643,고등어조림,조림류,어패류,
3644,닭갈비,구이류,육류,
3645,마늘쫑메추리알조림,조림류,난류,
3646,도라지볶음,볶음류,채소류,
3647,햄볶음밥,비빔밥볶음밥류,육류,
3648,고추짜장,덮밥국밥류,양념 및 장류,
3649,풍기샐러드,샐러드류,채소류,
3650,두부계란부침,전류,난류,두류
3652,두부계란부침,부침류,난류,두류
3654,조갯살아욱국,국탕류,어패류,
3655,고기듬뿍카레라이스,비빔밥볶음밥류,육류,
3656,민물새우찌개,찌개류,어패류,
3657,순대볶음,볶음류,육류,
3658,고추,채소류,채소류,
3662,훈제오리단호박볶음,볶음류,육류,
3663,(New)짜파치킨,튀김류,육류,
3664,채소스틱,채소류,채소류,
3673,닭살해장국,국탕류,육류,
3674,삼겹살김치볶음,볶음류,육류,
3675,호박채나물,나물류,채소류,
3676,볶음쌀국수,면류,채소류,
3677,생선초밥,밥류,어패류,
3678,삼치데리야끼,구이류,어패류,
3679,찐감자,찜류,곡류,
3680,베리베리샐러드,샐러드류,채소류,
3681,(New)수제참나물장아찌,장아찌류,채소류,
3682,숙주나물당근무침,나물류,채소류,
3683,가자미찜,찜류,어패류,
3684,매실주스,음료류,과일류,
3685,맑은버섯닭개장,찌개류,육류,
3686,해물떡볶이,떡류,어패류,
3687,롤케이크,빵과자류,곡류,
3688,단호박피자빵,빵과자류,채소류,
3689,삼색꼬지전,전류,육류,채소류
3690,잔치국수,면류,곡류,
3691,카레덮밥,덮밥국밥류,양념 및 장류,
3692,참나물생채,무침류,채소류,
3693,고구마범벅,죽류,곡류,
3694,두부커틀릿,튀김류,두류,
3695,상추겉절이,김치류,채소류,
3696,(New)고구마순등뼈탕,국탕류,육류,
3697,꼬시래기무초무침,무침류,채소류,
3698,쇠고기무국(빨갛게),국탕류,육류,
3699,(New)깐풍연근,튀김류,채소류,
3700,(샐러드닭가슴살,샐러드류,채소류,
3701,연두부계란찜,찜류,난류,
3702,동전문어조림,조림류,어패류,
3703,어묵간장조림,조림류,어패류,
3704,가자미무조림,조림류,어패류,
3705,등심돈까스,튀김류,육류,
3706,닭강정,튀김류,육류,
3707,유채나물된장무침,무침류,채소류,
3708,어묵깻잎전,전류,어패류,채소류
3709,치커리유자생채,무침류,채소류,
3710,청경채나물,나물류,채소류,
3711,키위요거트D,소스류,유제품류,
3715,감자채햄볶음,볶음류,육류,곡류
3716,쫑상추새콤무침,볶음류,채소류,
3717,바베큐함박찹스테이크,구이류,육류,
3718,해물청경채볶음,볶음류,어패류,채소류
3719,레몬미역초무침,무침류,해조류,
3720,홍초콩나물국,국탕류,채소류,
3721,물파래무침,무침류,채소류,
3722,가래떡돼지갈비찜,찜류,육류,
3723,참깨D,소스류,곡류,
3732,고구마샌드,빵과자류,곡류,
3733,쇠고기매운국,국탕류,육류,
3734,황도샐러드,샐러드류,채소류,
3743,포도주스,음료류,과일류,
3747,비빔밥,비빔밥볶음밥류,채소류,곡류
3748,비빔밥,비빔밥볶음밥류,채소류,
3751,꽈배기도너츠,빵과자류,곡류,
3752,오이쑥갓겉절이,김치류,채소류,
3753,수제두부까스,튀김류,두류,
3754,하이소스,소스류,양념 및 장류,
3755,만두국,국탕류,육류,채소류
3756,사천식탕수육,튀김류,육류,
3757,순대채소볶음,볶음류,육류,채소류
3758,비름나물된장무침,무침류,채소류,
3759,버섯들깨나물,나물류,채소류,
3760,우거지해장국,국탕류,채소류,
3761,고기완자전,전류,육류,
3770,고구마치즈돈까스,튀김류,육류,
3771,아이스슈,빵과자류,곡류,유제품류
3772,돼지김치찌개,찌개류,육류,김치류
3773,스크램블,구이류,난류,
3774,간장파닭,튀김류,육류,
3775,대패삽겹숙주볶음,볶음류,육류,
3776,미니국수,면류,곡류,
3777,문어꽈리초조림,조림류,어패류,
3778,양파치킨,튀김류,육류,
3779,알배기,무침류,곡류,
3780,단배추들깨무침,무침류,채소류,
3781,메밀버섯전,전류,채소류,
3782,야채죽,죽류,채소류,
3783,도시락김,해조류,해조류,
3784,순두부계란국,국탕류,난류,두류
3785,유채된장무침,무침류,채소류,
3786,꽁치와사비구이,구이류,어패류,
3787,머위된장무침,무침류,채소류,
3788,꽃삼겹김치찜,찜류,육류,김치류
3789,김치어묵탕,국탕류,어패류,김치류
3790,닭곰탕,국탕류,육류,
3791,해물동그랑땡전,전류,어패류,
3792,바지락미역국,국탕류,해조류,
3793,로제찜닭,찜류,육류,
3794,감자햄볶음,볶음류,육류,곡류
3795,모시조개시금치국,국탕류,어패류,
3796,군대리아,빵과자류,육류,채소류
3797,기장밥,밥류,곡류,
3798,채소피클,채소류,채소류,
3799,할라피뇨,나물류,채소류,
3800,꽁치구이,구이류,어패류,
3804,시금치고추장무침,무침류,채소류,
3805,주꾸미야채무침,무침류,어패류,
3806,베이컨에그슬럿,빵과자류,육류,난류
3807,열기어구이,구이류,어패류,
3808,북어계란국,국탕류,어패류,
3809,호박새우젓국,국탕류,채소류,
3810,명태조림,조림류,어패류,
3811,청경채깨장나물,나물류,채소류,
3812,바나나팬케익,빵과자류,곡류,
3813,재래김,해조류,해조류,
3814,쌈추겉절이,김치류,채소류,
3815,토마토샌드,빵과자류,채소류,
3816,두부매콤조림,조림류,두류,
3817,오이피클,채소류,채소류,
3818,애플망고두유,음료류,과일류,
3819,옹심이만두국,국탕류,곡류,
3820,두부브로컬리무침,무침류,두류,채소류
3821,떡갈비,구이류,육류,
3822,메밀비빔국수,면류,곡류,
3823,브로컬리들깨무침,무침류,채소류,
3824,유자청돈육볶음,볶음류,육류,
3825,오이도라지생채,무침류,채소류,
3826,꽈리고추감자조림,조림류,채소류,
3827,해초레몬무침,무침류,해조류,
3828,꼬치어묵떡볶이,떡류,어패류,
3829,수제마늘바게트,빵과자류,곡류,
3830,메추리알조림,조림류,난류,
3831,가자미튀김,튀김류,어패류,
3832,전주식콩나물해장국,국탕류,채소류,
3833,새송이볶음,볶음류,채소류,
3834,황태양념구이,구이류,어패류,
3835,크래미숙주무침,무침류,어패류,
3836,애호박건새우볶음,볶음류,채소류,어패류
3837,비엔나컬리플라워볶음,볶음류,육류,어패류
3838,꽈리고추멸치볶음,볶음류,어패류,
3839,뼈없는감자탕,국탕류,육류,
3840,황태포무침,무침류,어패류,
3841,새송이전,전류,채소류,
3842,브로컬리오징어숙회,회류,어패류,
3843,주꾸미무침,무침류,어패류,
3844,모둠쌈,나물류,채소류,
3847,모둠쌈,채소류,채소류,
3853,매운족발볶음,볶음류,육류,
3854,어묵고추장떡,떡류,어패류,
3855,어묵우동,면류,어패류,
3856,볶음밥(김밥재료),비빔밥볶음밥류,채소류,
3857,생선커틀릿,튀김류,어패류,
3861,야채주먹밥,밥류,채소류,
3862,영양부추,나물류,채소류,
3863,크림치즈프레즐,빵과자류,곡류,
3864,느타리버섯장조림,조림류,채소류,
3865,비엔나케찹볶음,볶음류,육류,
3866,돈갈비찜,찜류,육류,
3867,구이김,해조류,해조류,
3868,참치회덮밥,덥밥국밥류,어패류,
3869,콩나물맑은국,국탕류,채소류,
3870,베이비샐러드,샐러드류,채소류,
3871,콩국수,면류,두류,
3872,가지완자튀김,튀김류,채소류,
3873,매운소불고기,구이류,육류,
3874,새우살호박볶음,볶음류,어패류,
3875,오향장육,구이류,육류,
3876,쌈추,채소류,채소류,
3877,도라지초무침,무침류,채소류,
3878,가지된장무침,무침류,채소류,
3879,고춧잎무침,무침류,채소류,
3880,해라피겨자채,회류,해조류,
3881,청포도피클,채소류,채소류,
3882,감자프리타타,전류,곡류,
3883,양념고추지무침,무침류,채소류,
3884,매운소고기무국,국탕류,육류,
3885,고구마샐러드,샐러드류,채소류,
3886,멸치크렌베리볶음,볶음류,어패류,
3887,섬초무침,무침류,해조류,
3888,김치빈대떡,전류,김치류,곡류
3889,감자볶음,볶음류,곡류,
3890,냉이된장국,국탕류,채소류,
3891,산고추지무침,무침류,채소류,
3892,열대과일샐러드,샐러드류,채소류,
3893,쪽파김무침,무침류,김치류,해조류
3894,코다리무조림,조림류,어패류,
3895,장어강정,튀김류,어패류,
3899,고등어김치말이,구이류,어패류,
3900,새우튀김우동,면류,어패류,
3901,LA갈비구이,구이류,육류,
3902,해물김치전,전류,어패류,김치류
3903,(New)탄두리치킨,튀김류,육류,
3904,스태프핫도그,빵과자류,육류,
3905,오이보트샐러드,샐러드류,채소류,
3906,야채호빵,빵과자류,채소류,
3907,무쌈채소말이,나물류,채소류,
3908,쇠고기샤브국,국탕류,육류,
3909,오이맛살볶음,볶음류,어패류,
3910,호박꼬지,나물류,채소류,
3911,고사리,나물류,채소류,
3912,무나물,나물류,채소류,
3916,단배추겉절이,김치류,채소류,
3917,동태전,전류,어패류,
3918,무채맑은국,국탕류,채소류,
3919,낙지덮밥,덮밥국밥류,어패류,
3920,미나리전,전류,채소류,
3921,모듬묵흑임자샐러드,샐러드류,채소류,
3922,콩나물김치국,국탕류,채소류,김치류
3923,하와이언함박스테이크,구이류,육류,
3924,컵주스,음료류,과일류,
3925,동태무조림,조림류,어패류,
3926,메추리알곤약조림,조림류,난류,
3927,임연수무조림,조림류,어패류,
3928,쫄면,면류,곡류,
3929,소세지감자조림,조림류,육류,곡류
3930,꽈리고추메추리알조림,조림류,난류,
3931,참치샐러드,샐러드류,어패류,
3932,닭데리야끼조림,조림류,육류,
3933,호밧젓국찌개,찌개류,채소류,
3934,콩나물두루치기,구이류,채소류,
3935,깻잎양념지,무침류,채소류,
3936,돈육강정,튀김류,육류,
3937,유채나물무침,무침류,채소류,
3938,오이선,나물류,채소류,
3939,매운어묵볶음,볶음류,어패류,
3940,언양식바싹불고기,구이류,육류,
3941,흑임자D,소스류,채소류,
3945,웨지감자,튀김류,곡류,
3946,조갯살무국,국탕류,어패류,
3947,우동,면류,곡류,
3948,봉추찜닭,찜류,육류,
3949,매콤돼지갈비찜,찜류,육류,
3950,인절미샌드,빵과자류,곡류,
3951,전복장각삼계탕,국탕류,어패류,육류
3952,가쯔오장국,국탕류,해조류,
3953,참나물들깨무침,무침류,채소류,
3954,표고버섯탕수육,튀김류,채소류,
3955,느타리팽이볶음,볶음류,채소류,
3956,해물굴소스볶음밥,비빔밥볶음밥류,어패류,
3957,표고버섯죽,죽류,채소류,
3958,동태매운탕,국탕류,어패류,
3959,명엽채볶음,볶음류,채소류,
3960,딸기생크림와플,빵과자류,과일류,
3961,블루베리드레싱샐러드,샐러드류,채소류,
3962,들깨미역국,국탕류,해조류,
3963,김말이강정,튀김류,해조류,곡류
3964,실곤약흑임자무침,무침류,채소류,
3965,닭살겨자채,샐러드류,육류,채소류
3966,비엔케찹볶음,볶음류,육류,
3967,(New)단호박치즈해물찜,찜류,어패류,
3968,야채샌드위치,빵과자류,채소류,
3969,주스,음료류,과일류,
3970,참치마요덮밥,덮밥국밥류,어패류,
3971,수원왕갈비,구이류,육류,
3972,피자토스트,빵과자류,육류,
3973,콩나물냉국,국탕류,채소류,
3974,시금치나물,나물류,채소류,
3975,꼬마김밥,밥류,채소류,
3976,겨자장,소스류,양념 및 장류,
3980,모듬묵양념장,소,양념 및 장류,
3981,세발나물무침,무침류,채소류,
3982,양파호박채나물,나물류,채소류,
3983,고구마까스,튀김류,곡류,
3984,소고기무국,국탕류,육류,
3985,모둠소세지구이,구이류,육류,
3986,마카로니콘샐러드,샐러드류,채소류,
3987,찹쌀밥,밥류,곡류,
3988,제육볶음(빨갛게),구이류,육류,
3989,새알만두국,국탕류,곡류,
3990,조랭이미역국,국탕류,해조류,
3991,오이도라지무침,무침류,채소류,
3992,모듬묵,묵류,채소류,
3996,근대두부된장국,국탕류,두류,
3997,"청,적포도",과일류,과일류,
3998,오렌지주스,음료류,과일류,
4002,황태맑은국,국탕류,어패류,
4003,삼치데리야끼구이,구이류,어패류,
4004,시래기삼치조림,조림류,어패류,
4005,실곤약채소무침,무침류,채소류,
4006,애플잼쿠키,빵과자류,곡류,과일류
4007,모둠양채쌈,나물류,채소류,
4011,해물순두부찌개,찌개류,두류,어패류
4012,통아몬드멸치볶음,볶음류,어패류,곡류
4013,자반고등어구이,구이류,어패류,
4014,대구지리탕,국탕류,어패류,
4015,(New)마약계란장조림,조림류,난류,
4016,(New)에그샐러드,샐러드류,채소류,
4017,불낙찌개,찌개류,어패류,
4018,감자샌드,빵과자류,곡류,
4019,꼬들단무지,김치류,채소류,
4020,베이컨볶음밥,비빔밥볶음밥류,육류,
4021,찐햇감자,찜류,곡류,
4022,소고기떡국,국탕류,육류,
4023,토란국,국탕류,채소류,
4024,과일그라탕,국탕류,과일류,
4025,파운드케익,빵과자류,곡류,유제품류
4026,도라지오이초무침,무침류,채소류,
4027,고추장감자조림,조림류,곡류,
4028,떡밤초,견과류,곡류,
4029,모히토과일샐러드,샐러드류,채소류,
4030,깍둑오이초무침,무침류,김치류,
4031,김치필라프,비빔밥볶음밥류,곡류,김치류
4032,들깨버섯국,국탕류,채소류,
4033,맑은연두부탕,국탕류,두류,
4034,맛살전,전류,어패류,
4035,두부김치국,국탕류,두류,김치류
4036,순살깐풍기,튀김류,육류,
4037,시래기국,국탕류,채소류,
4038,돈육모듬장조림,조림류,육류,
4039,땅콩멸치볶음,볶음류,어패류,곡류
4040,제육고추장불고기,구이류,육류,
4041,호두죽,죽류,곡류,
4042,매운쇠고기국,국탕류,육류,
4043,연근땅콩조림,조림류,채소류,
4044,미니짬뽕,면류,육류,어패류
4045,코다리엿장조림,조림류,어패류,
4046,물미역무침,무침류,해조류,
4047,순두부탕,국탕류,두류,
4048,메밀전병만두,만두류,채소류,
4049,양념치킨,튀김류,육류,
4050,카레닭볶음,볶음류,육류,
4051,망고주스,음료류,과일류,
4052,달래오이생채,무침류,채소류,
4053,우렁살된장국,국탕류,어패류,
4054,오징어콩나물국,국탕류,어패류,
4055,"오징어링,새우튀김",튀김류,어패류,
4056,돈육고추장볶음,볶음류,육류,
4057,브로콜리깨소스무침,무침류,채소류,
4058,찐만두,만두류,육류,
4059,빠에야,비빔밥볶음밥류,육류,곡류
4060,(New)수제부들어묵잡채튀김,튀김류,어패류,
4061,만두튀김,튀김류,육류,
4062,아귀지리,국탕류,어패류,
4063,어묵꽈리고추볶음,볶음류,어패류,
4064,컵라면,면류,곡류,
4065,찐계란,찜류,난류,
4069,감자만두,만두류,곡류,
4070,감자만두,만두류,육류,
4073,느타리호박볶음,볶음류,채소류,
4074,돈육장조림,조림류,육류,
4075,불닭볶음,볶음류,육류,
4076,맛살냉채,샐러드류,어패류,
4077,김치볶음밥,비빔밥볶음밥류,김치류,곡류
4078,쇠고기퀘사디아,구이류,육류,
4079,쇠고기볶음밥,비빔밥볶음밥류,육류,
4080,물파래전,전류,해조류,
4081,쑥갓쌈,나물류,채소류,
4082,두부찜,찜류,두류,
4083,매운닭찜,찜류,육류,
4084,도토리묵야채무침,무침류,채소류,
4085,돌나물오이무침,무침류,채소류,
4086,허니브레드,빵과자류,곡류,
4087,병아리콩,견과류,곡류,
4088,아오리사과,과일류,과일류,
4089,등갈비바베큐조림,조림류,육류,
4090,콩나물파채무침,무침류,채소류,
4091,온두부,찜류,두류,
4092,모닝샌드,빵과자류,곡류,
4093,머위된장나물,나물류,채소류,
4094,메추리알탕수,튀김류,어패류,
4095,짬뽕순두부찌개,찌개류,두류,육류
4096,짜장덮밥,덮밥국밥류,양념 및 장류,
4097,머위대초무침,무침류,채소류,
4098,육개장,찌개류,육류,
4099,모듬야채쌈,나물류,채소류,
4100,어묵곤약볶음,볶음류,어패류,
4101,"김말이,고추튀김",튀김류,해조류,채소류
4102,매운쇠고기버섯볶음,볶음류,육류,
4103,소고기불고기,구이류,육류,
4104,새우미역초무침,무침류,해조류,
4105,교촌간장치킨,튀김류,육류,
4106,배추시래기국,국탕류,채소류,
4107,콩가루배추국,국탕류,채소류,
4108,굴소스해물볶음밥,비빔밥볶음밥류,어패류,
4109,오이맛살무침,무침류,채소류,
4110,채소탕수(연근,튀김류,채소류,
4111,메밀전,전류,곡류,
4112,미나리나물무침,무침류,채소류,
4113,깻잎순나물볶음,볶음류,채소류,
4114,감자만두국,국탕류,곡류,육류
4115,소고기당면국,국탕류,육류,곡류
4116,오이지냉국,국탕류,채소류,
4117,페퍼로니피자,빵과자류,육류,
4118,(New)고추마요치킨,튀김류,육류,
4119,콩조림,조림류,채소류,
4120,미트볼칠리조림,조림류,육류,
4121,양파짱아찌,무침류,채소류,
4122,단호박견과류구이,구이류,채소류,
4123,오리주물럭,구이류,육류,
4124,쇠고기국,국탕류,육류,
4125,총각김치,김치류,김치류,
4126,연근튀김,튀김류,채소류,
4127,브로컬리죽,죽류,채소류,
4128,머스타드,소스류,양념 및 장류,
4129,수제미니햄버거,빵과자류,육류,
4130,치커리깨소스무침,무침류,채소류,
4131,회오리감자,튀김류,곡류,
4132,라면사리,면류,곡류,
4133,감자소세지볶음,볶음류,육류,
4134,사과양상추샐러드,샐러드류,채소류,
4135,간장불고기,구이류,육류,
4136,돈육고추장불고기,구이류,육류,
4137,갈비탕,국탕류,육류,
4138,훈제오리,구이류,육류,
4139,콩나물겨자채,나물류,채소류,
4140,새싹샐러드,샐러드류,채소류,
4141,게살채소죽,죽류,어패류,채소류
4142,오색떡국,국탕류,곡류,
4143,대구탕,국탕류,어패류,
4144,소고기죽,죽류,육류,
4145,등갈비김치찜,찜류,육류,
4146,소고기브로컬리볶음,볶음류,육류,채소류
4147,영양부추무침,무침류,채소류,
4148,백김치,김치류,김치류,
4149,풋고추양파쌈장무침,무침류,채소류,양념 및 장류
4150,애플파이,빵과자류,과일류,
4151,김치두부국,국탕류,두류,김치류
4152,알리오올리오,면류,곡류,
4153,블루베리사과샌드,빵과자류,과일류,
4154,볼어묵고추장볶음,볶음류,어패류,
4155,주꾸미볶음,볶음류,어패류,
4156,타꼬야끼,구이류,어패류,
4157,해물짬뽕,면류,어패류,
4158,감자튀김,튀김류,곡류,
4162,전주식콩나물국,국탕류,채소류,
4163,마늘쫑건새우,볶음류,어패류,
4164,매운사태찜,찜류,육류,
4165,통새우또띠아,빵과자류,어패류,
4166,올갱이아욱국,국탕류,채소류,
4167,다시마,해조류,해조류,
4171,맑은버섯육개장,찌개류,채소류,
4172,고사리육개장,찌개류,채소류,
4173,(New)수제어묵소세지핫도그,빵과자류,어패류,
4174,해물굴소스볶음,볶음류,어패류,
4175,산채비빔밥,비빔밥볶음밥류,채소류,
4179,단팥죽,죽류,곡류,
4180,매실음료,음료류,과일류,
4181,떡갈비주먹밥,비빔밥볶음밥류,육류,
4182,시금치고추장국,국탕류,채소류,
4183,순살닭갈비,구이류,육류,
4184,고추장불고기,구이류,육류,
4185,양파절임,무침류,채소류,
4186,쫄면비빔만두,만두류,육류,
4187,부추깻잎전,전류,채소류,
4188,BLT샌드위치,빵과자류,육류,채소류
4189,홍어채무침,무침류,어패류,
4190,콩나물잡채,면류,채소류,
4191,딤섬,찜류,육류,
4192,마늘바게트,빵과자류,곡류,
4193,계란,찜류,난류,
4194,강낭콩밥,밥류,두류,곡류
4195,오징어채소볶음,볶음류,어패류,
4196,연두부국,국탕류,두류,
4197,토마토리코타치즈샐러드,샐러드류,채소류,
4198,갈치튀김,튀김류,어패류,
4199,쑥갓겉절이,김치류,채소류,
4200,파인D,소스류,과일류,
4201,컵케익,빵과자류,곡류,
4202,채소볶음우동,면류,채소류,
4203,부추양파무침,무침류,채소류,
4204,깻잎고기전,전류,육류,
4205,셀프무쌈말이,무침류,채소류,
4206,동그랑땡,전류,육류,
4207,얼큰동태탕,국탕류,어패류,
4208,톳무침,무침류,해조류,
4209,치킨핑거,튀김류,육류,
4225,요거트드레싱,소스류,유제품류,
4226,브로컬리들깨소스,소스류,채소류,
4227,비엔나컬리플라워조림,조림류,육류,
4228,시금치국,국류,채소류,
4229,달래장,소스류,채소류,양념 및 장류
4230,에그맥모닝,빵과자류,난류,
4231,겨울초나물,나물류,채소류,
4232,다시마쌈,해조류,해조류,
4236,고르곤졸라피자,빵과자류,곡류,
4237,베이컨감자볶음,볶음류,육류,
4238,완자전,전류,육류,
4239,들깨시락국,국탕류,채소류,
4240,쇠고기단호박조림,조림류,육류,
4241,등갈비오븐구이,구이류,육류,
4242,어묵꽈리고추조림,조림류,어패류,
4243,고구마순무침,무침류,채소류,
4244,베이컨샌드위치,빵과자류,육류,
4245,유부주머니우동국,국탕류,두류,
4246,쭈꾸미볶음,볶음류,어패류,
4247,비엔나소세지볶음,볶음류,육류,
4248,감자햄조림,조림류,곡류,
4249,어묵국,국탕류,어패류,
4250,매실짱아찌,장아찌류,과일류,
4251,채소튀김,튀김류,채소류,
4252,맛살계란찜,찜류,어패류,난류
4253,우거지국,국탕류,채소류,
4254,옥수수콘치즈,샐러드류,곡류,유제품류
4255,돈육콩나물불고기,구이류,육류,
4256,노각무침,나물류,채소류,
4257,멸치주먹밥,비빔밥볶음밥류,어패류,
4258,오리불고기,구이류,육류,
4259,수제치킨까스,튀김류,육류,
4260,팽이버섯장국,국탕류,채소류,
4261,구구마순나물,나물류,채소류,
4262,홍합무우국,국탕류,어패류,
4263,영양모듬견과,견과류,곡류,
4264,콩나물맛살냉채,샐러드류,어패류,
4265,후르츠탕수육(황도),디저트,육류,
4266,바지락살국,국탕류,어패류,
4267,들깨무채국,국탕류,채소류,
4268,무쌈,나물류,채소류,
4269,사각어묵볶음,볶음류,어패류,
4270,취나물땅콩무침,무침류,채소류,
4271,단팥빵,빵과자류,곡류,
4272,김말이&만두튀김,튀김류,육류,
4273,트위스터버거,빵과자류,육류,
4274,돈육계란장조림,조림류,육류,
4275,낙지김치죽,죽류,어패류,김치류
4276,두부양념조림,조림류,두류,
4277,우불고기볶음,볶음류,육류,
4278,시래기나물,나물류,채소류,
4279,갈릭파닭,튀김류,육류,
4280,훈제오리구이,구이류,육류,
4281,홍합짬뽕국,국탕류,어패류,
4282,와플&생크림,빵과자류,곡류,유제품류
4283,통도라지고추장구이,구이류,채소류,
4284,하와이안샐러드,샐러드류,채소류,
4285,북어맑은국,국탕류,어패류,
4286,해물완자전,전류,어패류,
4290,삼치된장구이,구이류,어패류,
4291,스팸,구이류,육류,
4292,깻잎전,전류,채소류,
4296,콩나물된장국,국탕류,채소류,
4297,구운어묵볶음,볶음류,어패류,
4298,청포묵야채무침,무침류,채소류,
4299,고구마파이,빵과자류,곡류,
4300,양파초절임,무침류,채소류,
4304,펜네베이컨샐러드,샐러드류,채소류,
4305,부추고추장무침,무침류,채소류,
4306,돈신탕(해장탕),국탕류,육류,
4307,뼈해장국,국탕류,육류,
4308,건새우무국,국탕류,어패류,
4309,모듬소세지볶음,볶음류,육류,
4310,콩나물김칫국,국탕류,채소류,
4311,라즈베리빵,빵과자류,과일류,
4312,통들깨부추무침,무침류,채소류,
4313,두부강정,튀김류,두류,
4314,바싹불고기,구이류,육류,
4315,마늘종숙회,회류,채소류,
4316,감자채전,전류,곡류,
4320,궁중떡찜,찜류,곡류,
4321,돼지국밥,덮밥국밥류,육류,
4322,감자된장찌개,찌개류,곡류,
4323,두부계란구이,구이류,두류,난류
4324,미역장국,국탕류,해조류,
4325,교자만두,만두류,육류,
4326,딸기드레싱샐러드,샐러드류,채소류,
4327,찐옥수수,찜류,곡류,
4328,도라지생채,샐러드류,채소류,
4329,짜사이볶음,볶음류,김치류,
4330,모닝에그빵,빵과자류,난류,
4331,오징어젓무침,무침류,어패류,
4332,오징어불고기,구이류,어패류,육류
4333,묵은지삼겹살찜,찜류,육류,
4334,매콤함박스테이크,구이류,육류,
4335,요구르트,유제품류,유제품류,
4336,북어짬뽕국,국탕류,어패류,
4337,도라지채무침,무침류,채소류,
4338,홍루이젠,빵과자류,곡류,
4339,닭카레볶음,볶음류,육류,
4340,더덕고추장불고기,구이류,육류,
4341,닭간장조림,조림류,육류,
4342,애기새송이버섯볶음,볶음류,채소류,
4343,물만두,만두류,육류,
4344,맛살겨자초무침,무침류,채소류,
4345,가자미양념조림,조림류,어패류,
4346,차돌된장찌개,찌개류,육류,
4347,무청된장국,국탕류,채소류,
4348,호박고추장찌개,찌개류,채소류,
4349,사골파국,국탕류,육류,
4350,토마토계란찜,찜류,난류,
4351,쪽파숙회,회류,채소류,
4352,달래된장찌개,찌개류,채소류,
4353,카레감자볶음,볶음류,곡류,양념 및 장류
4354,오징어떡볶음,볶음류,어패류,
4355,김치어묵국,국탕류,어패류,김치류
4356,사과맛살초무침,무침류,과일류,어패류
4357,꼬시래기무침,무침류,채소류,
4358,사과,과일류,과일류,
4362,마시는요거트,유제품류,유제품류,
4363,가래떡구이,떡류,곡류,
4364,조청,소스류,곡류,
4365,감자치즈구이,구이류,곡류,유제품류
4366,호박새우젓찌개,찌개류,채소류,
4367,탱크보이,디저트,과일류,
4368,모둠버섯구이,구이류,채소류,
4369,한방갈비탕,국탕류,육류,
4370,아욱된장국,국탕류,채소류,
4371,딸기와플,빵과자류,과일류,곡류
4372,크래미샌드,빵과자류,어패류,
4373,초코핫케익,빵과자류,곡류,
4374,증편,떡류,곡류,
4375,매운등뼈조림,조림류,육류,
4376,쇠고기마늘죽,죽류,육류,
4377,근대나물무침,무침류,채소류,
4378,오이소배기,김치류,김치류,
4379,콘치즈구이,구이류,곡류,유제품류
4380,차돌박이숙주볶음,볶음류,육류,채소류
4381,길거리토스트,빵과자류,곡류,
4382,돈육간장불고기,구이류,육류,
4383,쌀국수(숙주들어감),면류,곡류,채소류
4384,소고기콜라비조림,조림류,육류,
4385,새알팥죽,죽류,곡류,
4386,수제등심찹쌀꿔바로우,튀김류,육류,
4387,만다린D,소스류,과일류,
4388,가지볶음,볶음류,채소류,
4389,오미산적,전류,육류,
4390,단호박*팥찜,찜류,채소류,
4391,시금치초고추장무침,무침류,채소류,
4392,들깨버섯무침,무침류,채소류,
4393,치커리배생채,무침류,채소류,
4394,열무비빔밥,비빔밥볶음밥류,김치류,
4395,마늘쫑맛살볶음,볶음류,어패류,
4396,매운어묵국,국탕류,어패류,
4397,양배추비트피클,채소류,채소류,
4398,깻잎쌈,채소류,채소류,
4402,이색묵(올방개,묵류,채소류,
4403,가래떡오븐구이,구이류,곡류,
4404,갈치무조림,조림류,어패류,
4405,우렁된장찌개,찌개류,어패류,양념 및 장류
4406,인절미츄러스맛탕,조림류,곡류,
4407,배즙,음료류,과일류,
4408,비빔칼국수,면류,양념 및 장류,
4409,미역무침,무침류,해조류,
4410,푸딩,디저트,과일류,
4411,오렌지케익빵,빵과자류,과일류,
4412,낙지미나리볶음,볶음류,어패류,
4413,김치말이국수,면류,김치류,
4414,부추호박전,전류,채소류,
4415,고등어김치말이찜,찜류,어패류,
4416,파프리카계란말이,구이류,난류,채소류
4417,김치참치주먹밥,비빔밥볶음밥류,어패류,김치류
4418,병아리*렌틸콩샐러드,샐러드류,채소류,곡류
4419,골뱅이야채무침,무침류,어패류,채소류
4420,두릅새송이초무침,무침류,채소류,
4421,양념김,해조류,해조류,
4422,풋마늘대무침,무침류,채소류,
4423,꽃맛살햄볶음,볶음류,어패류,
4424,수제오이피클,채소류,채소류,
4425,또띠아견과칩,빵과자류,곡류,
4426,짬뽕수제비국,국탕류,어패류,곡류
4427,비빔메밀면,면류,양념 및 장류,
4428,땅콩D,소스류,곡류,
4429,유부초밥,비빔밥볶음밥류,두류,
4430,감자수제비국,국탕류,곡류,
4431,옥수수콘치즈구이,구이류,곡류,유제품류
4432,블루베리프렌치토스트,빵과자류,과일류,곡류
4433,애플샌드,빵과자류,과일류,곡류
4434,모닝사라다빵,빵과자류,곡류,채소류
4435,찰보리밥,밥류,곡류,
4436,야채튀김,튀김류,채소류,
4437,삼겹살더덕고추장구이,구이류,육류,
4438,생크림단팥빵,빵과자류,곡류,유제품류
4439,양념두부조림,조림류,두류,
4440,열무보리비빔밥,비빔밥볶음밥류,채소류,곡류
4441,시리얼과일샐러드,샐러드류,채소류,
4442,(NEW)가지탕수,튀김류,채소류,
4443,파프리카감자채볶음,볶음류,곡류,채소류
4444,지중해샐러드,샐러드류,채소류,
4445,목살데리야끼구이,구이류,육류,
4446,녹두전,전류,곡류,
4447,수제핫도그,빵과자류,육류,
4448,춘장돈육볶음,볶음류,육류,
4449,두부카프레제,샐러드류,두류,
4450,찰현미밥),밥류,곡류,
4451,마늘바게뜨,빵과자류,곡류,
4452,짜장밥,밥류,양념 및 장류,
4453,바지락죽,죽류,어패류,
4454,옥수수전,전류,곡류,
4455,섭산적데리야끼조림,조림류,육류,
4456,흑임자연근샐러드,샐러드류,채소류,
4457,치커리유자청생채,무침류,채소류,
4458,카레돈까스정식,튀김류,육류,
4459,해물칼국수,면류,어패류,
4460,미니햄버거,빵과자류,육류,
4461,돈육청경채볶음,볶음류,육류,
4462,비트무피클,무침류,채소류,
4463,알감자조림,조림류,곡류,
4464,버섯볶음,볶음류,채소류,
4465,비엔나케찹조림,조림류,육류,
4466,김치찐만두,만두류,육류,
4467,유부우동,면류,두류,
4468,꽁치캔김치조림,조림류,어패류,
4469,짜장면,면류,양념 및 장류,
4470,타르타르D,소스류,양념 및 장류,
4471,파래무침,무침류,해조류,
4472,시래기조림,조림류,채소류,
4473,매운소고기낙지볶음,볶음류,육류,
4474,진미채무침,무침류,어패류,
4475,연근조림,조림류,채소류,
4476,실곤약초무침,무침류,채소류,
4477,물미역,해조류,해조류,
4478,할라피뇨채소피클,채소류,채소류,
4479,물만두국,국탕류,육류,
4480,해파리냉채,회류,해조류,
4481,떡꼬지,떡류,곡류,
4482,야채샌드,빵과자류,채소류,
4483,핫케익,빵과자류,곡류,
4484,닭갈비볶음밥,비빔밥볶음밥류,육류,
4485,낙지죽,죽류,어패류,
4486,아삭고추된장무침,무침류,채소류,
4487,주꾸미삼겹살볶음,볶음류,육류,어패류
4488,낙지볶음덮밥,덮밥국밥류,어패류,
4489,오징어&브로컬리,회류,어패류,
4490,오이쑥갓생채,무침류,채소류,
4491,순남시래기국,국탕류,채소류,
4492,배추깻잎,나물류,채소류,
4493,날치알볶음밥,비빔밥볶음밥류,어패류,
4494,후르츠팬케익,빵과자류,과일류,곡류
4495,주꾸미세비체샐러드,샐러드류,채소류,
4496,삼치양념찜,찜류,어패류,
4497,팽이버섯부추무침,무침류,채소류,
4498,수제맛쵸킹탕수육,튀김류,육류,
4499,개성감자만두,만두류,곡류,
4500,호떡맥모닝,빵과자류,곡류,
4501,코코넛새우튀김,튀김류,어패류,
4502,토스트,빵과자류,곡류,
4503,세발나물생채,무침류,채소류,
4504,프렌치토스트,빵과자류,곡류,
4505,춘권,튀김류,육류,
4506,춘권,튀김류,육류,채소류
4509,해물가스,튀김류,어패류,
4510,동태포전,전류,어패류,
4511,연두부탕,국탕류,두류,
4512,탕수어,튀김류,어패류,
4513,새알미역국,국탕류,해조류,
4514,돈사태찜,찜류,육류,
4515,칠리미트볼조림,조림류,육류,
4516,배,과일류,과일류,
4517,살구D,소스류,과일류,
4521,애호박새우젓나물,나물류,어패류,
4522,블랙페퍼쉬림프,조림류,어패류,
4523,김치녹두전,전류,김치류,곡류
4524,크로와상,빵과자류,곡류,
4525,블루베리크림치즈베이글,빵과자류,과일류,유제품류
4526,홍어미나리초무침,무침류,어패류,채소류
4527,참치덮밥,덮밥국밥류,어패류,
4528,비빔야채만두,만두류,채소류,
4529,바게뜨,빵과자류,곡류,
4530,숙주나물,나물류,채소류,
4531,크루통크림스프,스프류,곡류,
4532,진미채오이무침,무침류,채소류,
4533,순두부국,국탕류,두류,
4534,깻잎순무침,무침류,채소류,
4535,장어고추장양념구이,구이류,어패류,
4536,올챙이만두국,국탕류,육류,
4537,우거지된장국,국탕류,채소류,
4538,칠리새우,튀김류,어패류,
4539,섭산적표고굴소스볶음,볶음류,채소류,
4540,모듬어묵탕,국탕류,어패류,
4541,무채와사비무침,무침류,채소류,
4542,우묵콩국,국탕류,채소류,
4543,단호박찐빵,빵과자류,채소류,곡류
4544,냉족발야채무침,무침류,육류,
4545,우육비빔냉면,면류,육류,
4546,수제칠리핫도그,빵과자류,육류,
4547,수제보쌈김치,김치류,육류,
4548,육전,전류,육류,
4549,오이나물볶음,볶음류,채소류,
4550,통도라지구이,구이류,채소류,
4551,땅콩죽,죽류,곡류,
4552,오꼬노미야끼계란말이,구이류,난류,
4553,삼치무조림,조림류,어패류,
4554,김치도토리묵무침,무침류,채소류,김치류
4555,양상추,채소류,채소류,
4556,흑임자샐러드,샐러드류,채소류,
4557,해물전,전류,어패류,
4558,주꾸미떡볶음,볶음류,어패류,
4559,매운감자국,국탕류,곡류,
4560,굴김치두부국,국탕류,어패류,김치류
4561,쨔샤이무침,무침류,채소류,
4562,파채상추무침,무침류,채소류,
4563,갓김치,김치류,김치류,
4564,병아리콩밥,밥류,곡류,
4565,맑은만두국,국탕류,육류,
4566,제첩두부국,국탕류,어패류,두류
4567,두부커틀렛,튀김류,두류,
4568,칠리,소스류,양념 및 장류,
4569,꼬치어묵매운탕,국탕류,어패류,
4570,봄동된장국,국탕류,채소류,
4571,꽃맛살과일샐러드,샐러드류,채소류,
4572,닭볶음탕,국탕류,육류,
4573,대만식연유샌드위치,빵과자류,곡류,
4574,상추치커리무침,무침류,채소류,
4575,마파두부덮밥,덮밥국밥류,두류,양념 및 장류
4576,발사믹소스,소스류,양념 및 장류,
4577,타코야끼,빵과자류,어패류,
4578,코다리양념조림,조림류,어패류,
4579,미니새송이볶음,볶음류,채소류,
4580,치커리오이무침,무침류,채소류,
4581,삼선짬뽕국,국탕류,어패류,
4582,도넛츠,빵과자류,곡류,
4583,에그샌드,빵과자류,난류,
4584,배도라지주스,음료류,과일류,
4585,애호박나물,나물류,채소류,
4586,완두콩밥,밥류,두류,
4587,낙지볶음,볶음류,어패류,
4591,소면,면류,곡류,
4592,갈릭버섯탕수,튀김류,채소류,
4593,키위그린샐러드,샐러드류,채소류,
4594,김잔파무침,무침류,채소류,
4595,쌈채소,채소류,채소류,
4596,미니야채떡갈비,구이류,육류,
4597,검정콩조림,조림류,두류,
4598,단무지,김치류,채소류,
4599,메론빵,빵과자류,과일류,
4600,부추생채무침,무침류,채소류,
4601,더덕무침,무침류,채소류,
4602,소고기숙주나물볶음,볶음류,육류,채소류
4603,스팸주먹밥,비빔밥볶음밥류,육류,곡류
4604,오이무침,무침류,채소류,
4605,진미채볶음,볶음류,어패류,
4606,치킨샐러드,샐러드류,채소류,
4607,풋마늘초무침,무침류,채소류,
4608,무비트생채(초절이),무침류,채소류,
4609,들깨버섯탕,국탕류,채소류,
4610,파채콩나물무침,무침류,채소류,
4611,소시지오븐구이,구이류,육류,
4612,브로컬리초장,소스류,채소류,양념 및 장류
4613,청국장찌개,찌개류,양념 및 장류,
4614,얼갈이된장국,국탕류,채소류,
4615,명엽채고추장볶음,볶음류,채소류,
4616,미니버거,빵과자류,육류,
4617,훈제오리(마늘만),구이류,육류,
4618,쑥갓나물,나물류,채소류,
4619,(New)수제사과계피차,음료류,과일류,
4620,돈사태떡찜,찜류,육류,곡류
4621,멸치호두볶음,볶음류,어패류,곡류
4622,버섯굴죽,죽류,채소류,어패류
4623,바지락살무국,국탕류,어패류,
4624,호박채나물볶음,볶음류,채소류,
4625,아욱수제비국,국탕류,곡류,
4626,짜요짜요,유제품류,유제품류,
4627,왕갈비탕,국탕류,육류,
4628,단호박물김치,김치류,김치류,
4629,짜글이돼지찌개,찌개류,육류,
4630,어묵탕,국탕류,어패류,
4631,훈제오리마늘볶음,볶음류,육류,
4632,비엔나감자조림,조림류,육류,
4633,땅콩샌드,빵과자류,곡류,
4634,홍합살무국,국탕류,어패류,
4635,(New)수제생강대추차,음료류,과일류,
4636,씨리얼과일샐러드,샐러드류,채소류,
4637,코다리강정,튀김류,어패류,
4638,호박된장국,국탕류,채소류,
4639,스위트칠리미트볼,튀김류,육류,
4640,상추부추생채,무침류,채소류,
4641,밀감D,소스류,과일류,
4642,삼겹살김치찜,찜류,육류,
4643,순대들깨볶음,볶음류,육류,
4644,(New)봉골레파스타,면류,어패류,
4645,베이컨계란말이,구이류,육류,난류
4646,소고기장조림,조림류,육류,
4647,"고추,양파",채소류,채소류,
4648,닭살카레라이스,비빔밥볶음밥류,육류,
4649,민물새우찌깨,찌개류,어패류,
4650,마파두부,덮밥국밥류,두류,
4651,열무김치,김치류,김치류,
4652,한방소갈비찜,찜류,육류,
4653,숯불양념꼬치어묵,구이류,어패류,
4654,두반장가지나물,나물류,채소류,양념 및 장류
4655,멸치볶음,볶음류,어패류,
4656,모카카스테라,빵과자류,곡류,
4657,아삭고추쌈장무침,무침류,채소류,
4658,문어오이미역초무침,무침류,해조류,
4659,가지마파두부,볶음류,두류,채소류
4660,동태알탕,국탕류,어패류,
4661,돌나물,나물류,채소류,
4662,어묵고추장무침,무침류,어패류,
4663,우엉잡채,볶음류,채소류,
4664,무채나물,나물류,채소류,
4665,팽이장국,국탕류,채소류,
4666,시금치초생채,무침류,채소류,
4667,모듬소시지구이,구이류,육류,
4668,춘권튀김,튀김류,육류,
4672,두릅소고기샐러드,샐러드류,채소류,
4673,포기김치,김치류,김치류,
4674,오이미역냉국,국탕류,해조류,
4675,볶은김치,김치류,김치류,
4676,가지찜,찜류,채소류,
4677,청양부추전,전류,채소류,
4678,고기전,전류,육류,
4679,(New)미니에그슬럿버거,빵과자류,육류,
4680,곤약메추리알조림,조림류,난류,
4681,레몬탕수육,튀김류,육류,
4682,가자미양념찜,찜류,어패류,
4683,장아찌,장아찌류,김치류,
4684,매운떡볶이,떡류,곡류,양념 및 장류
4688,참치죽,죽류,어패류,
4689,불고기비빔밥,비빔밥볶음밥류,육류,
4690,매생이떡국,국탕류,해조류,
4691,오곡죽,죽류,곡류,
4692,고추잡채덮밥,덮밥국밥류,채소류,육류
4693,순대찜,찜류,육류,
4697,비빔만두채소무침,무침류,육류,채소류
4698,호박잎된장국,국탕류,채소류,
4699,수수부꾸미,떡류,채소류,
4700,찹쌀순대볶음,볶음류,육류,
4701,바나나샌드,빵과자류,과일류,
4702,새송이*가지구이,구이류,채소류,
4703,오징어젓갈무침,무침류,어패류,
4704,명엽체고추장볶음,볶음류,채소류,
4705,사과샌드위치,빵과자류,과일류,
4706,김치죽,죽류,곡류,김치류
4707,연유꽃빵튀김,튀김류,곡류,유제품류
4708,비트무절임,무침류,채소류,
4709,메론롤케익,빵과자류,과일류,
4710,유자D,소스류,과일류,
4711,토란탕,국탕류,채소류,
4712,알타리김치,김치류,김치류,
4713,버섯잡채,볶음류,채소류,
4714,탕수육,튀김류,육류,
4715,모닝빵,빵과자류,곡류,
4716,소고기모듬장조림,조림류,육류,
4717,리코타치즈샐러드,샐러드류,채소류,
4718,미소된장국,국탕류,양념 및 장류,
4719,만두,만두류,육류,
4720,우엉채조림,조림류,채소류,
4721,도라지나물볶음,볶음류,채소류,
4722,마샐러드,샐러드류,채소류,
4723,모둠채소무침,무침류,채소류,
4724,카레닭찜,찜류,육류,
4725,짬뽕불고기,구이류,육류,
4726,햄치즈또띠아,빵과자류,육류,
4727,참치샌드,빵과자류,어패류,
4728,사골우거지탕,국탕류,육류,
4729,감자채카레볶음,볶음류,채소류,
4730,감자샐러드,샐러드류,채소류,
4731,타래과,디저트,과일류,
4732,단배추나물,무침류,채소류,
4733,머위대나물,나물류,채소류,
4734,호박채볶음,볶음류,채소류,
4735,홍게살죽,죽류,어패류,
4736,해파리겨자채,회류,어패류,
4737,단호박조림,조림류,채소류,
4738,나가사키면,면류,어패류,
4739,햄치즈샌드위치,빵과자류,육류,
4740,너비아니,구이류,육류,
4741,치즈시즈닝치킨,튀김류,육류,
4742,단호박달걀찜,찜류,난류,채소류
4743,아귀채무침,무침류,어패류,
4744,명이절임,무침류,채소류,
4745,계란후라이,구이류,난류,
4749,마카로니치즈범벅,스프류,곡류,
4750,수제과일잼샌드,빵과자류,과일류,
4751,꽃맛살볶음,볶음류,어패류,
4752,짜장잡채덮밥,덮밥국밥류,육류,채소류
4753,간장계란장,소스류,난류,
4754,보쌈,찜류,육류,
4755,자몽샐러드,샐러드류,채소류,
4756,치킨퀘사디야,빵과자류,육류,
4757,메추리알풋고추조림,조림류,난류,
4758,양념파닭,튀김류,육류,
4759,대만샌드위치,빵과자류,곡류,
4760,오징어순대볶음,볶음류,어패류,육류
4761,춘천닭갈비,구이류,육류,
4762,멸치아몬드볶음,볶음류,어패류,
4763,부추고추전,전류,채소류,
4764,상추초무침,무침류,채소류,
4765,물미역초무침,무침류,해조류,
4766,쇠고기장조림,조림류,육류,
4767,브로콜리맛살볶음,볶음류,어패류,
4768,두부새싹구이,구이류,두류,
4769,가자미카레튀김,튀김류,어패류,
4770,건새우호박채전,전류,채소류,
4771,들기름무채볶음,볶음류,채소류,
4772,소고기채소죽,죽류,육류,채소류
4773,시금치부침개,전류,채소류,
4774,닭불고기,구이류,육류,
4775,황태국,국탕류,어패류,
4776,삼치조림,조림류,어패류,
4777,데리야끼,소스류,육류,
4778,바나나팬케이크,빵과자류,과일류,
4779,황도D,소스류,과일류,
4780,퀘사디아,빵과자류,육류,
4781,쇠고기낙지볶음,볶음류,육류,
4782,단호박채소전,전류,채소류,
4783,돈육굴소스볶음,볶음류,육류,
4784,소라살죽,죽류,어패류,
4785,누룽지탕죽,죽류,곡류,
4786,매콤해물볶음,볶음류,어패류,
4787,꼬들단무지무침,무침류,채소류,
4788,단호박팥찜,찜류,채소류,
4789,두부미소된장국,국탕류,두류,
4790,(New)수제토마토청에이드,음료류,과일류,
4791,늙은호박전,전류,채소류,
4792,두부구이,구이류,두류,
4801,동그랑땡전,전류,육류,
4802,오리고추장볶음,볶음류,육류,
4803,고사리들깨볶음,볶음류,채소류,
4804,야채계란찜,찜류,난류,
4805,옥수수샐러드,샐러드류,채소류,
4806,팽이버섯국,국탕류,채소류,
4807,꽃상추겉절이,기미류,채소류,
4808,노가리고추조림,조림류,어패류,
4809,오징어브로컬리숙회,회류,어패류,채소류
4810,만가닥버섯불고기,구이류,육류,채소류
4811,비빔채소만두,만두류,육류,채소류
4812,훈제오리냉채,샐러드류,육류,
4813,우거지올갱이국,국탕류,채소류,
4814,햇고구마오븐구이,구이류,채소류,
4815,치즈프레즐,빵과자류,곡류,유제품류
4816,참치김치볶음,볶음류,어패류,
4817,낙지젓무침,무침류,어패류,
4818,치커리사과생채,샐러드류,과일류,채소류
4819,파프리카잡채,볶음류,채소류,곡류
4820,칠리베이비크랩,조림류,어패류,
4821,오징어굴소스볶음,볶음류,어패류,
4822,미니함박,구이류,육류,
4823,유산슬덮밥,덮밥국박류,육류,채소류
4824,피크닉,음료류,과일류,
4825,바지락쑥국,국탕류,어패류,
4826,잔멸치볶음,볶음류,어패류,
4827,팽이가쯔오장국,국탕류,채소류,
4828,견과류멸치볶음,볶음류,어패류,
4829,"쇠고기:국산,호주)",구이류,육류,
4830,야채계란말이,구이류,난류,
4831,미트볼조림,조림류,육류,
4832,양념갈비찜,찜류,육류,
4833,콘슬로우,샐러드류,곡류,
4834,순두부된장국,국탕류,두류,양념 및 장류
4835,쇠고기모둠장조림,조림류,육류,
4836,해초무침,무침류,해조류,
4837,생파김치,김치류,김치류,
4838,어묵볶음,볶음류,어패류,
4839,콘샐러드,샐러드류,채소류,
4840,물만두탕수,튀김류,육류,
4841,복숭아미역냉국,국탕류,해조류,
4842,어묵고추장볶음,볶음류,어패류,
4843,김말이튀김,튀김류,곡류,
4844,무초절임,무침류,채소류,
4845,청양마요소스,소스류,채소류,양념 및 장류
4846,채소라면,면류,곡류,채소류
4847,찐빵,빵과자류,곡류,
4848,새우살야채죽,죽류,어패류,
4849,유린기,튀김류,육류,
4850,차돌비빔국수,면류,육류,곡류
4851,고추장고구마순무침,무침류,채소류,
4852,브로콜리버섯볶음,볶음류,채소류,
4853,베리베리퐁당요플레,유제품류,과일류,유제품류
4854,누룽지탕,국탕류,곡류,
4855,호박반달나물,나물류,채소류,
4856,꽃게된장국,국탕류,어패류,
4857,계란김밥,밥류,난류,
4858,온모밀국수,면류,곡류,
4859,배추국,국탕류,채소류,
4860,쇠고기불고기,구이류,육류,
4861,건새우미역국,국탕류,해조류,
4862,갈치카레구이,구이류,어패류,
4863,데리마요,빵과자류,양념 및 장류,
4864,나초콥샐러드,샐러드류,채소류,
4865,(New)수제불고기버거,빵과자류,육류,
4866,수육,찜류,육류,
4867,얼큰감자국,국탕류,육류,
4868,옥수수맛탕,조림류,곡류,
4869,키위D,소스류,과일류,
4873,무채유자무침,무침류,과일류,채소류
4874,청경채새송이볶음,볶음류,채소류,
4875,미니케익,빵과자류,곡류,
4876,무쌈말이,무침류,채소류,
4877,토마토시금치달걀볶음,볶음류,채소류,난류
4878,숙주고기짬뽕,면류,육류,채소류
4879,유채나물,나물류,채소류,
4880,닭가슴살장조림,조림류,육류,
4881,브로컬리새우전,전류,어패류,
4882,해물땡굴소스볶음,볶음류,어패류,
4883,(New)하와이언치즈함박스테이크,구이류,육류,
4884,(New)파프리카계란전,전류,난류,
4885,두부&김치볶음,볶음류,두류,김치류
4886,명태코다리강정,튀김류,어패류,
4887,새송이버섯전,전류,채소류,
4888,꽃맛살샐러드,샐러드류,채소류,
4889,(New)수제고기깻잎전,전류,육류,
4890,매운사태조림,조림류,육류,
4891,만다린샐러드,샐러드류,채소류,
4892,미역줄기,해조류,해조류,
4893,애호박새우젓볶음,볶음류,채소류,
4894,호박전,전류,채소류,
4895,해물섞어찜,찜류,어패류,
4896,매콤호박볶음,볶음류,채소류,
4897,모듬버섯구이,구이류,채소류,
4898,소불고기,구이류,육류,
4899,돼지고기유자청볶음,볶음류,육류,
4900,새싹피자,빵과자류,채소류,
4901,후르츠탕수육,튀김류,육류,
4902,생과일플레인샐러드,샐러드류,채소류,
4903,북어채국,국탕류,어패류,
4904,스콘,빵과자류,곡류,
4905,매운주꾸미볶음,볶음류,어패류,
4906,도라지무침,무침류,채소류,
4907,조갯살미역국,국탕류,해조류,
4908,새송이너비아니구이,구이류,채소류,
4909,미소국,국탕류,양념 및 장류,
4910,참치모닝샌드,빵과자류,어패류,
4911,꼬지어묵우동,면류,어패류,
4912,돈육고구마강정,튀김류,육류,
4913,들깨수제비,국탕류,곡류,
4914,중국식볶음밥,비빔밥볶음밥류,채소류,
4915,베이컨맥모닝,빵과자류,육류,
4916,바나나와플,빵과자류,과일류,곡류
4917,후르츠산도,빵과자류,과일류,곡류
4918,그린빈베이컨볶음,볶음류,육류,
4919,버섯메밀전,전류,채소류,
4920,시금치죽,죽류,채소류,
4921,"양배추,케일",채소류,채소류,
4922,우렁쌈장,소스류,어패류,양념 및 장류
4923,봄새싹비빔밥,비빔밥볶음밥류,채소류,
4924,곤약야채무침,무침류,채소류,
4925,비엔나브로콜리볶음,볶음류,육류,
4926,(New)참치두부전,전류,어패류,
4927,콩샐러드,샐러드류,채소류,
4928,소세지피망볶음,볶음류,육류,
4929,카레라이스,비빔밥볶음밥류,양념 및 장류,
4930,쇠고기숙주규동덮밥,덮밥국밥류,육류,
4931,생깻잎지,나물류,채소류,
4932,시래기들개탕,국탕류,채소류,
4933,호박젓국찌개,찌개류,채소류,
4934,브로컬리꽃맛살샐러드,샐러드류,채소류,
4935,고들빼기무침,무침류,채소류,
4936,깻잎통닭,튀김류,육류,
4937,치킨소스,소스류,육류,
4938,꽁치감자조림,조림류,어패류,
4939,폭탄주먹밥,밥류,곡류,
4940,닭데리야끼구이,구이류,육류,
4941,치커리사과무침,무침류,채소류,과일류
4942,돼지고기장조림,조림류,육류,
4943,돈육씨앗강정,튀김류,육류,
4944,두유,음료류,두류,
4945,청양콩나물국,국탕류,채소류,
4946,New)요거닭,튀김류,육류,
4947,모듬소세지구이,구이류,육류,
4948,쭈꾸미삼겹살볶음,볶음류,육류,어패류
4949,펜네파스타샐러드,샐러드류,채소류,
4950,수떡수떡화채,과일류,과일류,곡류
4951,시금치흑임자샐러드,샐러드류,채소류,
4952,주꾸미채소볶음,볶음류,어패류,
4953,미니쫄우동,면류,곡류,
4954,맛살튀김,튀김류,어패류,
4955,해물수제비,국탕류,어패류,곡류
4956,야채비빔만두,만두류,채소류,
4957,느타리볶음,볶음류,채소류,
4958,버섯초무침,무침류,채소류,
4959,참나물생채무침,무침류,채소류,
4960,호박죽,죽류,채소류,
4961,비빔만두,만두류,육류,
4962,두부양념찜,찜류,두류,
4963,호박맑은국,국탕류,채소류,
4964,오이사과냉국,국탕류,채소류,과일류
4965,요거트소스,소스류,유제품류,
4966,브로컬리맛살볶음,볶음류,어패류,채소류
4967,떡볶이,떡류,곡류,양념 및 장류
4968,다시마채무초무침,무침류,해조류,
4969,참치새드,빵과자류,어패류,
4970,매운동태찜,찜류,어패류,
4971,쇠고기숙주볶음,볶음류,육류,
4972,하루나무침,무침류,채소류,
4973,흑임자죽,죽류,곡류,
4974,누룽지탕수육,튀김류,육류,
4975,머위순나물,나물류,채소류,
4976,딸기파이,빵과자류,과일류,곡류
4977,소갈비찜,찜류,육류,
4978,꼬들빼기김치,김치류,김치류,
4979,(New)교촌윙,튀김류,육류,
4980,닭가슴살냉채,샐러드류,육류,
4981,(New)꼬막비빔밥,비빔밥볶음밥류,어패류,곡류
4982,황태미역국,국탕류,해조류,
4983,매운감자조림,조림류,곡류,
4984,고추장찌개,찌개류,채소류,양념 및 장류
4985,경상도식소고기국,국탕류,육류,
4986,청경채만다린생채,무침류,채소류,
4987,작은밥,밥류,곡류,
4988,도토리묵냉국,국탕류,채소류,
4989,계란버섯장조림,조림류,난류,채소류
4990,(New)수제오미산적,구이류,육류,
4991,고사리들깨나물,나물류,채소류,
4992,찰떡떡갈비조림,조림류,육류,
4993,버섯구이,구이류,채소류,
4994,미역미소시루,해조류,해조류,
4995,햄맛살볶음,볶음류,육류,어패류
4996,꼬지어묵국,국탕류,어패류,
4997,매운콩나물국,국탕류,채소류,
4998,크레미계란말이,구이류,어패류,난류
4999,마늘쫑메추리알장조림,조림류,난류,채소류
5000,햄에그샌드,빵과자류,육류,난류
5001,양장피,무침류,육류,채소류
5002,치즈계란찜,찜류,난류,유제품류
5003,호박잎쌈,채소류,채소류,
5004,삼겹살마늘볶음밥,비빔밥볶음밥류,육류,곡류
5005,굴떡국,국탕류,어패류,곡류
5006,오징어돈육볶음,볶음류,육류,
5007,장각닭죽,죽류,육류,
5008,꽃빵튀김,튀김류,곡류,
5009,연유,소스류,유제품류,
5010,조각티라미수,빵과자류,곡류,
5011,김자반,해조류,해조류,
5012,돈삼겹보쌈,구이류,육류,
5013,비엔나곤약조림,조림류,육류,
5014,데미소스,소스류,양념 및 장류,
5015,청경채생채,나물류,채소류,
5016,치커리사과유자청무침,무침류,채소류,과일류
5017,맑은조개탕,국탕류,어패류,
5018,갈치구이,구이류,어패류,
5019,소고기매운무국,국탕류,육류,
5020,꼬치어묵국,국탕류,어패류,
5021,어묵꽈리볶음,볶음류,어패류,
5022,제육춘장볶음,볶음류,육류,
5023,버섯맑은국,국탕류,채소류,
5024,단호박샌드,빵과자류,채소류,
5025,세발나물,나물류,채소류,
5026,사과고구마그라탱,조림류,과일류,곡류
5027,호박부추전,전류,채소류,
5028,롤케익,빵과자류,곡류,
5029,사골떡국,국탕류,육류,
5030,콩나물제육볶음,구이류,육류,
5031,미나리초무침,무침류,채소류,
5032,계란파국,국탕류,난류,
5033,콩나물냉채,나물류,채소류,
5034,매실쥬스,음료류,과일류,
5035,쇠고기당면볶음,볶음류,육류,
5036,밀떡볶이,떡류,곡류,
5037,버섯비엔나조림,조림류,육류,채소류
5038,나가사키짬뽕국,국탕류,어패류,
5039,꿔바로우탕수육,튀김류,육류,
5040,시금치된장국,국탕류,채소류,
5041,새송이죽,죽류,채소류,
5042,탄두리치킨,튀김류,육류,
5043,등갈비김치말이,구이류,육류,김치류
5044,마늘쫑무침,무침류,채소류,
5045,꼬치어묵탕,국탕류,어패류,
5046,멕시칸샐러드,샐러드류,채소류,
5047,깨찰빵,빵과자류,곡류,
5048,소고기국,국탕류,육류,
5049,동태,찌개류,어패류,
5050,까르보나라떡볶이,떡류,곡류,유제품류
5051,돈육보쌈,구이류,육류,
5052,모듬양채쌈,나물류,채소류,
5053,(New)오징어순대,찜류,육류,어패류
5054,붕어빵,빵과자류,곡류,
5055,맛살겨자채,무침류,어패류,
5056,게살모닝샌드위치,빵과자류,어패류,
5057,미역오이냉국,국탕류,해조류,채소류
5058,새우완자탕,국탕류,해조류,
5059,냉모밀국수,면류,곡류,
5060,돈육버섯고추장덮밥,덮밥국밥류,육류,
5061,갈비통통만두,만두류,육류,
5062,당면채소무침,무침류,채소류,
5063,수제무말랭이무침,무침류,채소류,
5064,김치미나리전,전류,채소류,김치류
5065,돈육두루치기,구이류,육류,
5066,토마토샐러드,샐러드류,채소류,
5070,발사믹드레싱,소스류,양념 및 장류,
5071,쌈다시마초장,소스류,양념 및 장류,
5072,구운계란,구이류,난류,
5073,녹차호떡,빵과자류,곡류,
5074,치킨샌드,빵과자류,육류,
5075,쇠고기미역국,국탕류,해조류,
5076,청양된장찌개,찌개류,양념 및 장류,
5077,재첩국,국탕류,어패류,
5078,단호박영양밥,밥류,채소류,
5079,후라이드,튀김류,육류,
5080,강정소스,소스류,양념 및 장류,
5081,순대야채볶음,볶음류,육류,채소류
5082,양장피잡채,볶음류,육류,채소류
5083,만둣국,국탕류,육류,
5084,렌틸콩밥,밥류,곡류,
5085,살살치킨,튀김류,육류,
5086,삼색유자청무침,무침류,채소류,
5087,고기짬뽕국,국탕류,육류,
5088,스팸김치찌개,찌개류,육류,
5089,햄에그치즈토스트,빵과자류,육류,난류
5090,간장마늘치킨,튀김류,육류,
5091,쥐포무침,무침류,어패류,
5092,찹쌀호떡,빵과자류,곡류,
5093,매운돈갈비찜,찜류,육류,
5094,고등어자반찜,찜류,어패류,
5095,팥밥,밥류,곡류,
5096,미트볼떡조림,조림류,육류,
5097,모듬소세지,구이류,육류,
5098,녹두죽,죽류,곡류,
5099,솎음열무나물,나물류,채소류,
5100,두부젓국찌개,찌개류,두류,
5101,순살닭강정,튀김류,육류,
5102,돈육피망볶음,볶음류,육류,
5103,콩나물해장국,국탕류,채소류,
5104,야채부케,샐러드류,채소류,
5105,뼈감자탕,국탕류,육류,
5106,홍시,과일류,과일류,
5107,닭양념조림,조림류,육류,
5108,알탕,국탕류,어패류,
5109,우무묵냉국,국탕류,채소류,
5110,비엔나채소볶음,볶음류,육류,
5111,취나물무침,무침류,채소류,
5112,충무김밥,밥류,김치류,곡류
5113,두부맛전,전류,두류,
5114,고구마튀김,튀김류,채소류,
5115,맑은버섯국,국탕류,채소류,
5116,(New)오리훈제샌드위치,빵과자류,육류,
5117,짜사이채무침,무침류,채소류,
5118,바나나베이비샐러드,샐러드류,채소류,
5119,청포도,과일류,과일류,
5120,호박새우젓볶음,볶음류,채소류,
5121,해물파전,전류,어패류,
5122,비엔나떡조림,조림류,육류,
5123,꼬지삼색전,전류,육류,
5124,(New)해물보쌈,찜류,어패류,
5125,채소숙회,회류,채소류,
5126,계란국,국탕류,난류,
5127,고구마순나물,나물류,채소류,
5128,망고드레싱샐러드,샐러드류,채소류,
5129,쌈배추,채소류,채소류,
5130,풋고추튀김,튀김류,채소류,
5131,브로컬리초회,회류,채소류,
5132,쌈만두,만두류,채소류,육류
5133,해물부추전,전류,어패류,
5134,사과파이,빵과자류,과일류,곡류
5135,청경채사과무침,무침류,과일류,채소류
5136,참나물땅콩가루무침,무침류,채소류,
5137,무피클,채소류,채소류,
5138,해물볶음우동,면류,어패류,
5139,호박된장찌개,찌개류,채소류,양념 및 장류
5140,물미역초장,소스류,해조류,
5141,시래기들깨탕,국탕류,채소류,
5142,유자청제육볶음,볶음류,육류,
5143,스틱치즈케익,빵과자류,유제품류,곡류
5144,미나리나물,나물류,채소류,
5145,닭윙강정튀김,튀김류,육류,
5146,오복지무침,무침류,채소류,
5147,제육김치덮밥,덮밥국밥류,육류,
5148,갈치조림,조림류,어패류,
5149,호박나물,나물류,채소류,
5150,호박잎,채소류,채소류,
5154,얼큰소고기국,국탕류,육류,
5155,참나물겉절이,김치류,채소류,
5156,돌나물유자청무침,무침류,채소류,
5157,상추쌈,채소류,채소류,
5158,돼지고추장불고기,구이류,육류,
5159,모둠장조림,조림류,육류,
5160,감자찌개,찌개류,곡류,
5161,브로컬리크림스프,스프류,채소류,유제품류
5162,돼지간장불고기,구이류,육류,
5163,양배추피클,채소류,채소류,
5164,(NEW)까르보나라떡볶이,떡류,곡류,
5165,매운계란파국,국탕류,난류,
5166,유부채소겨자무침,무침류,채소류,
5167,건도토리묵파프리카볶음,볶음류,채소류,
5168,수제고기육전,전류,육류,
5169,부추무침,무침류,채소류,
5170,노각생채,무침류,채소류,
5171,도라지나물,나물류,채소류,
5172,오미자주스,음료류,과일류,
5173,쇠고기무국,국탕류,육류,
5174,북어콩나물국,국탕류,어패류,
5175,해물누룽지탕,국탕류,어패류,
5176,매운오징어국,국탕류,어패류,
5177,감자범벅,죽류,곡류,
5178,샐러드바:과일,과일류,채소류,
5179,참나물두부샐러드,샐러드류,채소류,
5180,콩나물겨자채무침,무침류,채소류,
5181,매운돼지갈비찜,찜류,육류,
5182,무초절이,무침류,채소류,
5183,치커리유자샐러드,샐러드류,채소류,
5184,알로에주스,음료류,과일류,
5185,하루야채주스,음료류,과일류,
5186,고구마순들깨볶음,볶음류,채소류,
5187,고추지무침,무침류,채소류,
5188,참치야채,채소류,어패류,
5189,소금,소스류,양념 및 장류,
5190,구운채소,채소류,채소류,
5191,브로콜리감자볶음,볶음류,채소류,
5192,옥수수스프,스프류,곡류,
5193,떡국,국탕류,곡류,
5194,닭겨자냉채,무침류,육류,
5195,사과잼쿠키,빵과자류,과일류,
5196,칠리드레질,소스류,양념 및 장류,
5197,오꼬노미야끼,전류,채소류,
5198,돈육매콤조림,조림류,육류,
5199,냉메밀소바,면류,곡류,
5200,참외,과일류,과일류,
5201,청경채무침,무침류,채소류,
5202,무우짱아찌,장아찌류,채소류,
5203,치커리무침,무침류,채소류,
5204,돈육꽈리고추볶음,볶음류,육류,
5205,비트피클,무침류,채소류,
5206,맑은콩나물국,국탕류,채소류,
5207,비트채소절임,무침류,채소류,
5208,청경채겉절이,김치류,채소류,
5209,꿀호떡,빵과자류,곡류,
5210,톳두부무침,무침류,두류,
5211,머핀,빵과자류,곡류,
5212,영양닭죽,죽류,육류,
5213,얼갈이된장무침,무침류,채소류,
5214,오징어숙회무침,무침류,어패류,
5215,해물누룽지,국탕류,어패류,
5216,배추겉절이,김치류,김치류,
5217,청양멸치주먹밥,비빔밥볶음밥류,어패류,
5218,매운버섯국,국탕류,채소류,
5219,파인애플D,소스류,과일류,
5220,맑은국,국탕류,채소류,
5221,쇠고기볶음,볶음류,육류,
5222,모둠과일,과일류,과일류,
5223,시리얼,디저트,곡류,
5224,요거트,유제품류,유제품류,
5225,크로와상샌드위치,빵과자류,곡류,
5226,버섯들깨국,국탕류,채소류,
5227,어묵토마토조림,조림류,어패류,
5228,케이준샐러드,샐러드류,채소류,
5229,소고기잡채,면류,육류,
5230,견과류조림,조림류,곡류,
5231,치즈팡샌드,빵과자류,곡류,
5232,실곤약무침,무침류,채소류,
5233,배추된장국,국탕류,채소류,
5234,꽃게된장찌개,찌개류,어패류,
5235,참깨드레싱소스,소스류,양념 및 장류,
5236,얼갈이열무겉절이,김치류,김치류,
5237,불고기브리또,빵과자류,육류,
5238,토마토프리타타,전류,과일류,
5239,부추오리엔탈무침,무침류,채소류,
5240,햄야채샌드,빵과자류,육류,
5241,브라우니,빵과자류,곡류,
5242,황태채마늘쫑무침,무침류,어패류,
5243,토마토계란볶음,볶음류,난류,
5244,가자미유린기,튀김류,어패류,
5245,도토리묵무침,무침류,채소류,
5246,묵은지닭볶음탕,국탕류,육류,
5247,계란빵,빵과자류,난류,
5248,쑥갓무침,무침류,채소류,
5249,해물순두부국,국탕류,어패류,
5250,근대된장국,국탕류,채소류,
5251,미니핫도그,빵과자류,육류,
5252,더덕오이생채,무침류,채소류,
5253,맑은감자국,국탕류,채소류,
5254,대구매운탕,국탕류,어패류,
5255,달래간장,소스류,채소류,
5256,오이달래무침,무침류,채소류,
5257,우묵냉국,국탕류,채소류,
5258,옥수수볼맛탕,조림류,곡류,
5259,김치황태국,국탕류,어패류,
5260,시금치무침,무침류,채소류,
5261,닭다리바베큐오븐구이,구이류,육류,
5262,묵은지닭찜,찜류,육류,
5263,두부새우젓국,국탕류,어패류,
5264,연근호두조림,조림류,곡류,
5265,청포묵무침,무침류,채소류,
5266,팽이무국,국탕류,채소류,
5267,견과류마카로니범벅,죽류,곡류,
5268,건포도머핀,빵과자류,과일류,
5269,모듬버섯볶음,볶음류,채소류,
5270,스팸볶음밥,비빔밥볶음밥류,육류,
5271,쇠고기우엉볶음,볶음류,육류,
5272,꽁치김치말이찜,찜류,어패류,
5273,계란채소볶음밥,비빔밥볶음밥류,난류,
5274,명태엿장조림,조림류,어패류,
5275,아삭이고추된장무침,무침류,채소류,
5276,마늘간장치킨,튀김류,육류,
5277,카야잼샌드,빵과자류,과일류,
5278,미니김밥,밥류,채소류,
5279,열무된장나물,나물류,채소류,
5280,고르곤졸라,유제품류,곡류,
5281,부럼,견과류,곡류,
5282,떡잡채,떡류,육류,
5283,절편,떡류,곡류,
5284,고구마죽,죽류,곡류,
5285,카스텔라,빵과자류,곡류,
5286,석박지,김치류,김치류,
5287,햄치즈샌드,빵과자류,육류,
5288,꼬지어묵탕,국탕류,어패류,
5289,고구마치즈구이,구이류,곡류,
5290,나쵸콥샐러드,샐러드류,채소류,
5291,토마토살사소스,소스류,과일류,
5292,단호박죽,죽류,채소류,
